track_name,track_id,duration_ms,explicit,track_number,album_id,album_name,album_release_date,album_total_tracks,album_type,artist_name,artist_id,danceability,energy,loudness,speechiness,acousticness,instrumentalness,liveness,valence
Fortnight (feat. Post Malone),6dODwocEuGzHAavXqTbwHv,228965,FALSE,1,5H7ixXZfsNMGbIE5OBSpcb,THE TORTURED POETS DEPARTMENT: THE ANTHOLOGY,2024-04-19,31,album,Taylor Swift,06HL4z0CvFAxyc27GXpf02,0.504,0.386,-10.976,0.0308,0.502,0.0000153,0.0961,0.281
The Tortured Poets Department,4PdLaGZubp4lghChqp8erB,293048,TRUE,2,5H7ixXZfsNMGbIE5OBSpcb,THE TORTURED POETS DEPARTMENT: THE ANTHOLOGY,2024-04-19,31,album,Taylor Swift,06HL4z0CvFAxyc27GXpf02,0.604,0.428,-8.441,0.0255,0.0483,0,0.126,0.292
My Boy Only Breaks His Favorite Toys,7uGYWMwRy24dm7RUDDhUlD,203801,FALSE,3,5H7ixXZfsNMGbIE5OBSpcb,THE TORTURED POETS DEPARTMENT: THE ANTHOLOGY,2024-04-19,31,album,Taylor Swift,06HL4z0CvFAxyc27GXpf02,0.596,0.563,-7.362,0.0269,0.137,0,0.302,0.481
Down Bad,1kbEbBdEgQdQeLXCJh28pJ,261228,TRUE,4,5H7ixXZfsNMGbIE5OBSpcb,THE TORTURED POETS DEPARTMENT: THE ANTHOLOGY,2024-04-19,31,album,Taylor Swift,06HL4z0CvFAxyc27GXpf02,0.541,0.366,-10.412,0.0748,0.56,0.000001,0.0946,0.168
"So Long, London",7wAkQFShJ27V8362MqevQr,262974,FALSE,5,5H7ixXZfsNMGbIE5OBSpcb,THE TORTURED POETS DEPARTMENT: THE ANTHOLOGY,2024-04-19,31,album,Taylor Swift,06HL4z0CvFAxyc27GXpf02,0.423,0.533,-11.388,0.322,0.73,0.00264,0.0816,0.248
But Daddy I Love Him,4QMgEffJQuKtjCNvqfRZ0m,340428,TRUE,6,5H7ixXZfsNMGbIE5OBSpcb,THE TORTURED POETS DEPARTMENT: THE ANTHOLOGY,2024-04-19,31,album,Taylor Swift,06HL4z0CvFAxyc27GXpf02,0.521,0.72,-7.684,0.104,0.384,0,0.135,0.438
Fresh Out The Slammer,7IWcDWOfiooH5hRs9XOVYz,210789,FALSE,7,5H7ixXZfsNMGbIE5OBSpcb,THE TORTURED POETS DEPARTMENT: THE ANTHOLOGY,2024-04-19,31,album,Taylor Swift,06HL4z0CvFAxyc27GXpf02,0.33,0.483,-9.394,0.0399,0.624,0,0.111,0.34
Florida!!! (feat. Florence + The Machine),5ExOm0dh4NyRyAdSAO9hyM,215463,TRUE,8,5H7ixXZfsNMGbIE5OBSpcb,THE TORTURED POETS DEPARTMENT: THE ANTHOLOGY,2024-04-19,31,album,Taylor Swift,06HL4z0CvFAxyc27GXpf02,0.533,0.573,-7.123,0.138,0.178,0,0.309,0.398
Guilty as Sin?,799KrpEbhZp0MHeiA8YK9P,254365,FALSE,9,5H7ixXZfsNMGbIE5OBSpcb,THE TORTURED POETS DEPARTMENT: THE ANTHOLOGY,2024-04-19,31,album,Taylor Swift,06HL4z0CvFAxyc27GXpf02,0.626,0.428,-8.374,0.0261,0.607,0,0.0921,0.487
Who’s Afraid of Little Old Me?,2d8UxVNhJinc8uat9PoM9y,334084,FALSE,10,5H7ixXZfsNMGbIE5OBSpcb,THE TORTURED POETS DEPARTMENT: THE ANTHOLOGY,2024-04-19,31,album,Taylor Swift,06HL4z0CvFAxyc27GXpf02,0.606,0.338,-10.555,0.048,0.315,0,0.106,0.238
I Can Fix Him (No Really I Can),5chnRTB9qMK3W1M41SnU9s,156297,FALSE,11,5H7ixXZfsNMGbIE5OBSpcb,THE TORTURED POETS DEPARTMENT: THE ANTHOLOGY,2024-04-19,31,album,Taylor Swift,06HL4z0CvFAxyc27GXpf02,0.661,0.257,-13.961,0.045,0.768,0.00000172,0.176,0.318
loml,3YkNIrAvbKNrrwwEd7NVLl,277156,TRUE,12,5H7ixXZfsNMGbIE5OBSpcb,THE TORTURED POETS DEPARTMENT: THE ANTHOLOGY,2024-04-19,31,album,Taylor Swift,06HL4z0CvFAxyc27GXpf02,0.423,0.272,-12.56,0.0489,0.858,0,0.108,0.195
I Can Do It With a Broken Heart,2fPvQfGQEZOKtJ9qXeL4x8,218004,TRUE,13,5H7ixXZfsNMGbIE5OBSpcb,THE TORTURED POETS DEPARTMENT: THE ANTHOLOGY,2024-04-19,31,album,Taylor Swift,06HL4z0CvFAxyc27GXpf02,0.701,0.751,-8.39,0.0502,0.123,0,0.15,0.22
The Smallest Man Who Ever Lived,1xtw1krCR6Dw2KwkXw5z63,245541,TRUE,14,5H7ixXZfsNMGbIE5OBSpcb,THE TORTURED POETS DEPARTMENT: THE ANTHOLOGY,2024-04-19,31,album,Taylor Swift,06HL4z0CvFAxyc27GXpf02,0.426,0.41,-9.083,0.0581,0.52,0,0.338,0.263
The Alchemy,1tuNqJOtRQVHvONR8Lg3MZ,196900,FALSE,15,5H7ixXZfsNMGbIE5OBSpcb,THE TORTURED POETS DEPARTMENT: THE ANTHOLOGY,2024-04-19,31,album,Taylor Swift,06HL4z0CvFAxyc27GXpf02,0.64,0.421,-8.802,0.0273,0.422,0,0.103,0.353
Clara Bow,4d9PtIEVij9jW5OaLinH66,216662,FALSE,16,5H7ixXZfsNMGbIE5OBSpcb,THE TORTURED POETS DEPARTMENT: THE ANTHOLOGY,2024-04-19,31,album,Taylor Swift,06HL4z0CvFAxyc27GXpf02,0.686,0.318,-11.046,0.0263,0.636,0.00144,0.106,0.214
The Black Dog,62E2nR0od0M5HYxuYLaDz7,238857,TRUE,17,5H7ixXZfsNMGbIE5OBSpcb,THE TORTURED POETS DEPARTMENT: THE ANTHOLOGY,2024-04-19,31,album,Taylor Swift,06HL4z0CvFAxyc27GXpf02,0.527,0.27,-10.855,0.038,0.707,0,0.102,0.23
imgonnagetyouback,1kcwpPDQnqEqmezzXdJTCP,222072,FALSE,18,5H7ixXZfsNMGbIE5OBSpcb,THE TORTURED POETS DEPARTMENT: THE ANTHOLOGY,2024-04-19,31,album,Taylor Swift,06HL4z0CvFAxyc27GXpf02,0.784,0.391,-9.471,0.0633,0.608,0,0.252,0.15
The Albatross,4EF6IyONolQy0bIQXm2EmX,183878,FALSE,19,5H7ixXZfsNMGbIE5OBSpcb,THE TORTURED POETS DEPARTMENT: THE ANTHOLOGY,2024-04-19,31,album,Taylor Swift,06HL4z0CvFAxyc27GXpf02,0.352,0.479,-8.942,0.0583,0.655,0,0.0935,0.292
Chloe or Sam or Sophia or Marcus,1rmEsOezwf2lmIZTMAO5Ag,213281,FALSE,20,5H7ixXZfsNMGbIE5OBSpcb,THE TORTURED POETS DEPARTMENT: THE ANTHOLOGY,2024-04-19,31,album,Taylor Swift,06HL4z0CvFAxyc27GXpf02,0.516,0.451,-8.552,0.0446,0.78,0,0.105,0.218
How Did It End?,5Bedn0svl0ZD7RGmJkmKKw,238706,FALSE,21,5H7ixXZfsNMGbIE5OBSpcb,THE TORTURED POETS DEPARTMENT: THE ANTHOLOGY,2024-04-19,31,album,Taylor Swift,06HL4z0CvFAxyc27GXpf02,0.492,0.379,-8.859,0.0257,0.785,0.00093,0.108,0.273
So High School,7Mts0OfPorF4iwOomvfqn1,228800,FALSE,22,5H7ixXZfsNMGbIE5OBSpcb,THE TORTURED POETS DEPARTMENT: THE ANTHOLOGY,2024-04-19,31,album,Taylor Swift,06HL4z0CvFAxyc27GXpf02,0.366,0.866,-4.514,0.0466,0.0274,0.00000307,0.106,0.293
I Hate It Here,3hlGuz3loYoLfI3bpwieWq,243875,FALSE,23,5H7ixXZfsNMGbIE5OBSpcb,THE TORTURED POETS DEPARTMENT: THE ANTHOLOGY,2024-04-19,31,album,Taylor Swift,06HL4z0CvFAxyc27GXpf02,0.485,0.562,-7.197,0.0346,0.717,0,0.357,0.297
thanK you aIMee,7ogK4lJDVDMU6A6vYR5rvD,263817,TRUE,24,5H7ixXZfsNMGbIE5OBSpcb,THE TORTURED POETS DEPARTMENT: THE ANTHOLOGY,2024-04-19,31,album,Taylor Swift,06HL4z0CvFAxyc27GXpf02,0.609,0.541,-8.013,0.0346,0.609,0,0.122,0.252
I Look in People's Windows,1Zai5UJ2di3qEuR2HeT2s8,131907,FALSE,25,5H7ixXZfsNMGbIE5OBSpcb,THE TORTURED POETS DEPARTMENT: THE ANTHOLOGY,2024-04-19,31,album,Taylor Swift,06HL4z0CvFAxyc27GXpf02,0.763,0.274,-11.429,0.0738,0.69,0,0.164,0.385
The Prophecy,18WFFUIsewmA8g31KAeo3e,249807,FALSE,26,5H7ixXZfsNMGbIE5OBSpcb,THE TORTURED POETS DEPARTMENT: THE ANTHOLOGY,2024-04-19,31,album,Taylor Swift,06HL4z0CvFAxyc27GXpf02,0.421,0.525,-10.359,0.0472,0.825,0.00000267,0.308,0.535
Cassandra,0g4fMVo4JjwnIpTfFfLdxS,240205,TRUE,27,5H7ixXZfsNMGbIE5OBSpcb,THE TORTURED POETS DEPARTMENT: THE ANTHOLOGY,2024-04-19,31,album,Taylor Swift,06HL4z0CvFAxyc27GXpf02,0.587,0.587,-9.879,0.0595,0.806,0,0.137,0.514
Peter,3zMDGj4D8ogaYgAIZPeU7S,283957,FALSE,28,5H7ixXZfsNMGbIE5OBSpcb,THE TORTURED POETS DEPARTMENT: THE ANTHOLOGY,2024-04-19,31,album,Taylor Swift,06HL4z0CvFAxyc27GXpf02,0.342,0.376,-8.212,0.0372,0.805,0,0.0593,0.29
The Bolter,2913xXOVAIDAqxzV2g4VcU,238241,TRUE,29,5H7ixXZfsNMGbIE5OBSpcb,THE TORTURED POETS DEPARTMENT: THE ANTHOLOGY,2024-04-19,31,album,Taylor Swift,06HL4z0CvFAxyc27GXpf02,0.455,0.586,-7.978,0.0492,0.638,0,0.131,0.481
Robin,2CnjDMdpRjlWv04Xk3s6MW,240893,FALSE,30,5H7ixXZfsNMGbIE5OBSpcb,THE TORTURED POETS DEPARTMENT: THE ANTHOLOGY,2024-04-19,31,album,Taylor Swift,06HL4z0CvFAxyc27GXpf02,0.476,0.386,-10.601,0.03,0.791,0.000423,0.1,0.158
The Manuscript,1DTRUYVd8rYpla9hhVVwjo,224743,FALSE,31,5H7ixXZfsNMGbIE5OBSpcb,THE TORTURED POETS DEPARTMENT: THE ANTHOLOGY,2024-04-19,31,album,Taylor Swift,06HL4z0CvFAxyc27GXpf02,0.509,0.256,-11.665,0.0306,0.901,0.00000243,0.103,0.436
Fortnight (feat. Post Malone),2OzhQlSqBEmt7hmkYxfT6m,228965,FALSE,1,1Mo4aZ8pdj6L1jx8zSwJnt,THE TORTURED POETS DEPARTMENT,2024-04-18,16,album,Taylor Swift,06HL4z0CvFAxyc27GXpf02,0.504,0.386,-10.976,0.0308,0.502,0.0000153,0.0961,0.281
The Tortured Poets Department,3NMrVbIVWT3fPXBj0rNDKG,293048,TRUE,2,1Mo4aZ8pdj6L1jx8zSwJnt,THE TORTURED POETS DEPARTMENT,2024-04-18,16,album,Taylor Swift,06HL4z0CvFAxyc27GXpf02,0.604,0.428,-8.441,0.0255,0.0483,0,0.126,0.292
My Boy Only Breaks His Favorite Toys,2XXwLdtuAcE0HSCu61ijAb,203801,FALSE,3,1Mo4aZ8pdj6L1jx8zSwJnt,THE TORTURED POETS DEPARTMENT,2024-04-18,16,album,Taylor Swift,06HL4z0CvFAxyc27GXpf02,0.596,0.563,-7.362,0.0269,0.137,0,0.302,0.481
Down Bad,2F3N9tdombb64aW6VtZOdo,261228,TRUE,4,1Mo4aZ8pdj6L1jx8zSwJnt,THE TORTURED POETS DEPARTMENT,2024-04-18,16,album,Taylor Swift,06HL4z0CvFAxyc27GXpf02,0.541,0.366,-10.412,0.0748,0.56,0.000001,0.0946,0.168
"So Long, London",3Vevii7qKqrmW8CcyzBHDl,262974,FALSE,5,1Mo4aZ8pdj6L1jx8zSwJnt,THE TORTURED POETS DEPARTMENT,2024-04-18,16,album,Taylor Swift,06HL4z0CvFAxyc27GXpf02,0.423,0.533,-11.388,0.322,0.73,0.00264,0.0816,0.248
But Daddy I Love Him,5og4Qzt92jJzVDkOtSEilb,340428,TRUE,6,1Mo4aZ8pdj6L1jx8zSwJnt,THE TORTURED POETS DEPARTMENT,2024-04-18,16,album,Taylor Swift,06HL4z0CvFAxyc27GXpf02,0.521,0.72,-7.684,0.104,0.384,0,0.135,0.438
Fresh Out The Slammer,3fO566xJgwxIa3qGCGBvIC,210789,FALSE,7,1Mo4aZ8pdj6L1jx8zSwJnt,THE TORTURED POETS DEPARTMENT,2024-04-18,16,album,Taylor Swift,06HL4z0CvFAxyc27GXpf02,0.33,0.483,-9.394,0.0399,0.624,0,0.111,0.34
Florida!!! (feat. Florence + The Machine),3ZVFcD8Wlw9T9klGqmJf9F,215463,TRUE,8,1Mo4aZ8pdj6L1jx8zSwJnt,THE TORTURED POETS DEPARTMENT,2024-04-18,16,album,Taylor Swift,06HL4z0CvFAxyc27GXpf02,0.533,0.573,-7.123,0.138,0.178,0,0.309,0.398
Guilty as Sin?,0W0iAC1VGlB82PI6elxFYf,254365,FALSE,9,1Mo4aZ8pdj6L1jx8zSwJnt,THE TORTURED POETS DEPARTMENT,2024-04-18,16,album,Taylor Swift,06HL4z0CvFAxyc27GXpf02,0.626,0.428,-8.374,0.0261,0.607,0,0.0921,0.487
Who’s Afraid of Little Old Me?,36t6frENUtCYKuZus6aYDO,334084,FALSE,10,1Mo4aZ8pdj6L1jx8zSwJnt,THE TORTURED POETS DEPARTMENT,2024-04-18,16,album,Taylor Swift,06HL4z0CvFAxyc27GXpf02,0.606,0.338,-10.555,0.048,0.315,0,0.106,0.238
I Can Fix Him (No Really I Can),2h3MDMf8sd9s4XIzpTBIjX,156297,FALSE,11,1Mo4aZ8pdj6L1jx8zSwJnt,THE TORTURED POETS DEPARTMENT,2024-04-18,16,album,Taylor Swift,06HL4z0CvFAxyc27GXpf02,0.661,0.257,-13.961,0.045,0.768,0.00000172,0.176,0.318
loml,6RSG1dKPV5gEvILwJb4QtS,277156,TRUE,12,1Mo4aZ8pdj6L1jx8zSwJnt,THE TORTURED POETS DEPARTMENT,2024-04-18,16,album,Taylor Swift,06HL4z0CvFAxyc27GXpf02,0.423,0.272,-12.56,0.0489,0.858,0,0.108,0.195
I Can Do It With a Broken Heart,4q5YezDOIPcoLr8R81x9qy,218004,TRUE,13,1Mo4aZ8pdj6L1jx8zSwJnt,THE TORTURED POETS DEPARTMENT,2024-04-18,16,album,Taylor Swift,06HL4z0CvFAxyc27GXpf02,0.701,0.751,-8.39,0.0502,0.123,0,0.15,0.22
The Smallest Man Who Ever Lived,2v1ivOOsgn64g5OywuH55L,245541,TRUE,14,1Mo4aZ8pdj6L1jx8zSwJnt,THE TORTURED POETS DEPARTMENT,2024-04-18,16,album,Taylor Swift,06HL4z0CvFAxyc27GXpf02,0.426,0.41,-9.083,0.0581,0.52,0,0.338,0.263
The Alchemy,1dhMTsEZz6ZEquGvmzVoHn,196900,FALSE,15,1Mo4aZ8pdj6L1jx8zSwJnt,THE TORTURED POETS DEPARTMENT,2024-04-18,16,album,Taylor Swift,06HL4z0CvFAxyc27GXpf02,0.64,0.421,-8.802,0.0273,0.422,0,0.103,0.353
Clara Bow,1UlhrRvYzbHEyugEDspXUB,216662,FALSE,16,1Mo4aZ8pdj6L1jx8zSwJnt,THE TORTURED POETS DEPARTMENT,2024-04-18,16,album,Taylor Swift,06HL4z0CvFAxyc27GXpf02,0.686,0.318,-11.046,0.0263,0.636,0.00144,0.106,0.214
Welcome To New York (Taylor's Version),4WUepByoeqcedHoYhSNHRt,212600,FALSE,1,1o59UpKw81iHR0HPiSkJR0,1989 (Taylor's Version) [Deluxe],2023-10-27,22,album,Taylor Swift,06HL4z0CvFAxyc27GXpf02,0.76,0.602,-4.871,0.0316,0.00661,0.000133,0.325,0.685
Blank Space (Taylor's Version),0108kcWLnn2HlH2kedi1gn,231833,FALSE,2,1o59UpKw81iHR0HPiSkJR0,1989 (Taylor's Version) [Deluxe],2023-10-27,22,album,Taylor Swift,06HL4z0CvFAxyc27GXpf02,0.732,0.719,-5.469,0.0645,0.0901,0,0.331,0.71
Style (Taylor's Version),3Vpk1hfMAQme8VJ0SNRSkd,231000,FALSE,3,1o59UpKw81iHR0HPiSkJR0,1989 (Taylor's Version) [Deluxe],2023-10-27,22,album,Taylor Swift,06HL4z0CvFAxyc27GXpf02,0.514,0.821,-4.803,0.0444,0.000456,0.0232,0.0946,0.298
Out Of The Woods (Taylor's Version),1OcSfkeCg9hRC2sFKB4IMJ,235800,FALSE,4,1o59UpKw81iHR0HPiSkJR0,1989 (Taylor's Version) [Deluxe],2023-10-27,22,album,Taylor Swift,06HL4z0CvFAxyc27GXpf02,0.544,0.884,-5.973,0.0383,0.000466,0.000134,0.381,0.184
All You Had To Do Was Stay (Taylor's Version),2k0ZEeAqzvYMcx9Qt5aClQ,193289,FALSE,5,1o59UpKw81iHR0HPiSkJR0,1989 (Taylor's Version) [Deluxe],2023-10-27,22,album,Taylor Swift,06HL4z0CvFAxyc27GXpf02,0.589,0.713,-5.614,0.0308,0.000778,0,0.188,0.54
Shake It Off (Taylor's Version),50yNTF0Od55qnHLxYsA5Pw,219209,FALSE,6,1o59UpKw81iHR0HPiSkJR0,1989 (Taylor's Version) [Deluxe],2023-10-27,22,album,Taylor Swift,06HL4z0CvFAxyc27GXpf02,0.632,0.805,-5.707,0.069,0.0112,0.0000251,0.156,0.903
I Wish You Would (Taylor's Version),3FxJDucHWdw6caWTKO5b23,207650,FALSE,7,1o59UpKw81iHR0HPiSkJR0,1989 (Taylor's Version) [Deluxe],2023-10-27,22,album,Taylor Swift,06HL4z0CvFAxyc27GXpf02,0.671,0.853,-6.568,0.0417,0.00388,0.00000948,0.0812,0.523
Bad Blood (Taylor's Version),7oZONwFiFIErZcXAtTu7FY,211103,FALSE,8,1o59UpKw81iHR0HPiSkJR0,1989 (Taylor's Version) [Deluxe],2023-10-27,22,album,Taylor Swift,06HL4z0CvFAxyc27GXpf02,0.624,0.711,-6.347,0.159,0.0369,0.00000313,0.19,0.347
Wildest Dreams (Taylor's Version),27exgla7YBw9DUNNcTIpjy,220433,FALSE,9,1o59UpKw81iHR0HPiSkJR0,1989 (Taylor's Version) [Deluxe],2023-10-27,22,album,Taylor Swift,06HL4z0CvFAxyc27GXpf02,0.587,0.663,-7.439,0.0598,0.0348,0.0000995,0.0971,0.539
How You Get The Girl (Taylor's Version),733OhaXQIHY7BKtY3vnSkn,247533,FALSE,10,1o59UpKw81iHR0HPiSkJR0,1989 (Taylor's Version) [Deluxe],2023-10-27,22,album,Taylor Swift,06HL4z0CvFAxyc27GXpf02,0.761,0.67,-5.956,0.0537,0.00198,0.0000108,0.0873,0.519
This Love (Taylor’s Version),4WBEj8TeGtRPNJdOmT3WJW,250100,FALSE,11,1o59UpKw81iHR0HPiSkJR0,1989 (Taylor's Version) [Deluxe],2023-10-27,22,album,Taylor Swift,06HL4z0CvFAxyc27GXpf02,0.47,0.494,-8.672,0.0349,0.302,0,0.0672,0.0524
I Know Places (Taylor's Version),1ULabO0PEsdJekqVH6G10G,195700,FALSE,12,1o59UpKw81iHR0HPiSkJR0,1989 (Taylor's Version) [Deluxe],2023-10-27,22,album,Taylor Swift,06HL4z0CvFAxyc27GXpf02,0.572,0.807,-5.348,0.0574,0.0846,0,0.071,0.626
Clean (Taylor's Version),0lKUBmEyQfzsQHozyeXzES,271000,FALSE,13,1o59UpKw81iHR0HPiSkJR0,1989 (Taylor's Version) [Deluxe],2023-10-27,22,album,Taylor Swift,06HL4z0CvFAxyc27GXpf02,0.782,0.379,-8.964,0.0303,0.297,0.0000298,0.103,0.267
Wonderland (Taylor's Version),6HRsJu8vcnzYDN4t0570FY,245566,FALSE,14,1o59UpKw81iHR0HPiSkJR0,1989 (Taylor's Version) [Deluxe],2023-10-27,22,album,Taylor Swift,06HL4z0CvFAxyc27GXpf02,0.387,0.703,-5.956,0.0545,0.0105,0.000011,0.128,0.32
You Are In Love (Taylor's Version),0TyGh27YQ5LknmiDhCzJiT,267389,FALSE,15,1o59UpKw81iHR0HPiSkJR0,1989 (Taylor's Version) [Deluxe],2023-10-27,22,album,Taylor Swift,06HL4z0CvFAxyc27GXpf02,0.554,0.509,-9.403,0.0455,0.572,0.00000208,0.113,0.401
New Romantics (Taylor's Version),5M787RexsAiVYjQusM98CV,230177,FALSE,16,1o59UpKw81iHR0HPiSkJR0,1989 (Taylor's Version) [Deluxe],2023-10-27,22,album,Taylor Swift,06HL4z0CvFAxyc27GXpf02,0.653,0.848,-5.936,0.0583,0.00516,0.00000424,0.0798,0.724
"""Slut!"" (Taylor's Version) (From The Vault)",0CD7DzeCsuPJygddqlUVYa,180381,FALSE,17,1o59UpKw81iHR0HPiSkJR0,1989 (Taylor's Version) [Deluxe],2023-10-27,22,album,Taylor Swift,06HL4z0CvFAxyc27GXpf02,0.621,0.415,-13.187,0.0543,0.33,0.000112,0.0634,0.313
Say Don't Go (Taylor's Version) (From The Vault),3CCRVu4F91Qp2mnGjmWBrf,279833,FALSE,18,1o59UpKw81iHR0HPiSkJR0,1989 (Taylor's Version) [Deluxe],2023-10-27,22,album,Taylor Swift,06HL4z0CvFAxyc27GXpf02,0.632,0.539,-8.375,0.0342,0.0684,0.00000582,0.132,0.186
Now That We Don't Talk (Taylor's Version) (From The Vault),5QUIK7ZtziW8kGWo8RqopF,146436,FALSE,19,1o59UpKw81iHR0HPiSkJR0,1989 (Taylor's Version) [Deluxe],2023-10-27,22,album,Taylor Swift,06HL4z0CvFAxyc27GXpf02,0.8,0.509,-9.386,0.034,0.16,0.0000305,0.0834,0.0768
Suburban Legends (Taylor's Version) (From The Vault),6M9ppdfFjR1AbpUl3Y8DcV,171818,FALSE,20,1o59UpKw81iHR0HPiSkJR0,1989 (Taylor's Version) [Deluxe],2023-10-27,22,album,Taylor Swift,06HL4z0CvFAxyc27GXpf02,0.695,0.607,-8.84,0.0357,0.212,0,0.102,0.394
Is It Over Now? (Taylor's Version) (From The Vault),6IG3sQ8s9nfk6TUlVzRhbN,229477,FALSE,21,1o59UpKw81iHR0HPiSkJR0,1989 (Taylor's Version) [Deluxe],2023-10-27,22,album,Taylor Swift,06HL4z0CvFAxyc27GXpf02,0.599,0.651,-7.343,0.035,0.0486,0,0.126,0.153
Bad Blood (feat. Kendrick Lamar) (Taylor's Version),6qAcApH8obo8eqatCKUHd9,199773,FALSE,22,1o59UpKw81iHR0HPiSkJR0,1989 (Taylor's Version) [Deluxe],2023-10-27,22,album,Taylor Swift,06HL4z0CvFAxyc27GXpf02,0.604,0.644,-6.931,0.0889,0.0143,0,0.237,0.197
Welcome To New York (Taylor's Version),1hR8BSuEqPCCZfv93zzzz9,212600,FALSE,1,64LU4c1nfjz1t4VnGhagcg,1989 (Taylor's Version),2023-10-26,21,album,Taylor Swift,06HL4z0CvFAxyc27GXpf02,0.76,0.602,-4.871,0.0316,0.00661,0.000133,0.325,0.685
Blank Space (Taylor's Version),45wMBGri1PORPjM9PwFfrS,231833,FALSE,2,64LU4c1nfjz1t4VnGhagcg,1989 (Taylor's Version),2023-10-26,21,album,Taylor Swift,06HL4z0CvFAxyc27GXpf02,0.732,0.719,-5.469,0.0645,0.0901,0,0.331,0.71
Style (Taylor's Version),1hjRhYpWyqDpPahmSlUTlc,231000,FALSE,3,64LU4c1nfjz1t4VnGhagcg,1989 (Taylor's Version),2023-10-26,21,album,Taylor Swift,06HL4z0CvFAxyc27GXpf02,0.514,0.821,-4.803,0.0444,0.000456,0.0232,0.0946,0.298
Out Of The Woods (Taylor's Version),045ZeOHPIzhxxsm8bq5kyE,235800,FALSE,4,64LU4c1nfjz1t4VnGhagcg,1989 (Taylor's Version),2023-10-26,21,album,Taylor Swift,06HL4z0CvFAxyc27GXpf02,0.544,0.884,-5.973,0.0383,0.000466,0.000134,0.381,0.184
All You Had To Do Was Stay (Taylor's Version),6GXgd1BPD9bUpqw5AntGV5,193289,FALSE,5,64LU4c1nfjz1t4VnGhagcg,1989 (Taylor's Version),2023-10-26,21,album,Taylor Swift,06HL4z0CvFAxyc27GXpf02,0.589,0.713,-5.614,0.0308,0.000778,0,0.188,0.54
Shake It Off (Taylor's Version),3pv7Q5v2dpdefwdWIvE7yH,219209,FALSE,6,64LU4c1nfjz1t4VnGhagcg,1989 (Taylor's Version),2023-10-26,21,album,Taylor Swift,06HL4z0CvFAxyc27GXpf02,0.632,0.805,-5.707,0.069,0.0112,0.0000251,0.156,0.903
I Wish You Would (Taylor's Version),43y1WpBdnEy5TR9aZoSQL9,207650,FALSE,7,64LU4c1nfjz1t4VnGhagcg,1989 (Taylor's Version),2023-10-26,21,album,Taylor Swift,06HL4z0CvFAxyc27GXpf02,0.671,0.853,-6.568,0.0417,0.00388,0.00000948,0.0812,0.523
Bad Blood (Taylor's Version),64FzgoLZ3oXu2SriZblHic,211103,FALSE,8,64LU4c1nfjz1t4VnGhagcg,1989 (Taylor's Version),2023-10-26,21,album,Taylor Swift,06HL4z0CvFAxyc27GXpf02,0.624,0.711,-6.347,0.159,0.0369,0.00000313,0.19,0.347
Wildest Dreams (Taylor's Version),1K39ty6o1sHwwlZwO6a7wK,220433,FALSE,9,64LU4c1nfjz1t4VnGhagcg,1989 (Taylor's Version),2023-10-26,21,album,Taylor Swift,06HL4z0CvFAxyc27GXpf02,0.587,0.663,-7.439,0.0598,0.0348,0.0000995,0.0971,0.539
How You Get The Girl (Taylor's Version),75W3SngKzTuoQ94uLf3y82,247533,FALSE,10,64LU4c1nfjz1t4VnGhagcg,1989 (Taylor's Version),2023-10-26,21,album,Taylor Swift,06HL4z0CvFAxyc27GXpf02,0.761,0.67,-5.956,0.0537,0.00198,0.0000108,0.0873,0.519
This Love (Taylor’s Version),5QVVjX0ZItqlVpEuVCM9Yg,250100,FALSE,11,64LU4c1nfjz1t4VnGhagcg,1989 (Taylor's Version),2023-10-26,21,album,Taylor Swift,06HL4z0CvFAxyc27GXpf02,0.47,0.494,-8.672,0.0349,0.302,0,0.0672,0.0524
I Know Places (Taylor's Version),2f0GI2ZLUtbGqFx8t2Gk6A,195700,FALSE,12,64LU4c1nfjz1t4VnGhagcg,1989 (Taylor's Version),2023-10-26,21,album,Taylor Swift,06HL4z0CvFAxyc27GXpf02,0.572,0.807,-5.348,0.0574,0.0846,0,0.071,0.626
Clean (Taylor's Version),2ByBBvpR9b7IynvRmnG7kG,271000,FALSE,13,64LU4c1nfjz1t4VnGhagcg,1989 (Taylor's Version),2023-10-26,21,album,Taylor Swift,06HL4z0CvFAxyc27GXpf02,0.782,0.379,-8.964,0.0303,0.297,0.0000298,0.103,0.267
Wonderland (Taylor's Version),2ve0kuaWUCt4Zx8x4bf1MR,245566,FALSE,14,64LU4c1nfjz1t4VnGhagcg,1989 (Taylor's Version),2023-10-26,21,album,Taylor Swift,06HL4z0CvFAxyc27GXpf02,0.387,0.703,-5.956,0.0545,0.0105,0.000011,0.128,0.32
You Are In Love (Taylor's Version),4UwqOWDpdeIDVQDuKT6iza,267389,FALSE,15,64LU4c1nfjz1t4VnGhagcg,1989 (Taylor's Version),2023-10-26,21,album,Taylor Swift,06HL4z0CvFAxyc27GXpf02,0.554,0.509,-9.403,0.0455,0.572,0.00000208,0.113,0.401
New Romantics (Taylor's Version),2vPMoMDXxu9uX1igWZmXSG,230177,FALSE,16,64LU4c1nfjz1t4VnGhagcg,1989 (Taylor's Version),2023-10-26,21,album,Taylor Swift,06HL4z0CvFAxyc27GXpf02,0.653,0.848,-5.936,0.0583,0.00516,0.00000424,0.0798,0.724
"""Slut!"" (Taylor's Version) (From The Vault)",71BqAINEnezjQfxE4VuJfq,180381,FALSE,17,64LU4c1nfjz1t4VnGhagcg,1989 (Taylor's Version),2023-10-26,21,album,Taylor Swift,06HL4z0CvFAxyc27GXpf02,0.621,0.415,-13.187,0.0543,0.33,0.000112,0.0634,0.313
Say Don't Go (Taylor's Version) (From The Vault),4NioO5R9sHEZh4cGzMHyNt,279833,FALSE,18,64LU4c1nfjz1t4VnGhagcg,1989 (Taylor's Version),2023-10-26,21,album,Taylor Swift,06HL4z0CvFAxyc27GXpf02,0.632,0.539,-8.375,0.0342,0.0684,0.00000582,0.132,0.186
Now That We Don't Talk (Taylor's Version) (From The Vault),5KD6AEm19QnMbfWpfoOHMl,146436,FALSE,19,64LU4c1nfjz1t4VnGhagcg,1989 (Taylor's Version),2023-10-26,21,album,Taylor Swift,06HL4z0CvFAxyc27GXpf02,0.8,0.509,-9.386,0.034,0.16,0.0000305,0.0834,0.0768
Suburban Legends (Taylor's Version) (From The Vault),6T0sEnqjmHISIKwFETeeiP,171818,FALSE,20,64LU4c1nfjz1t4VnGhagcg,1989 (Taylor's Version),2023-10-26,21,album,Taylor Swift,06HL4z0CvFAxyc27GXpf02,0.695,0.607,-8.84,0.0357,0.212,0,0.102,0.394
Is It Over Now? (Taylor's Version) (From The Vault),1Iq8oo9XkmmvCQiGOfORiz,229477,FALSE,21,64LU4c1nfjz1t4VnGhagcg,1989 (Taylor's Version),2023-10-26,21,album,Taylor Swift,06HL4z0CvFAxyc27GXpf02,0.599,0.651,-7.343,0.035,0.0486,0,0.126,0.153
Mine (Taylor's Version),7G0gBu6nLdhFDPRLc0HdDG,231706,FALSE,1,5AEDGbliTTfjOB8TSm1sxt,Speak Now (Taylor's Version),2023-07-07,22,album,Taylor Swift,06HL4z0CvFAxyc27GXpf02,0.647,0.793,-2.903,0.0363,0.00314,0.00000193,0.174,0.5
Sparks Fly (Taylor’s Version),3MytWN8L7shNYzGl4tAKRp,261230,FALSE,2,5AEDGbliTTfjOB8TSm1sxt,Speak Now (Taylor's Version),2023-07-07,22,album,Taylor Swift,06HL4z0CvFAxyc27GXpf02,0.605,0.769,-2.413,0.032,0.0241,0,0.0936,0.366
Back To December (Taylor's Version),79uDOz0zuuWS7HWxzMmTa2,294189,FALSE,3,5AEDGbliTTfjOB8TSm1sxt,Speak Now (Taylor's Version),2023-07-07,22,album,Taylor Swift,06HL4z0CvFAxyc27GXpf02,0.486,0.635,-3.994,0.0278,0.00705,0,0.119,0.235
Speak Now (Taylor's Version),5xXqyjLicvEpch72qEryFT,242473,FALSE,4,5AEDGbliTTfjOB8TSm1sxt,Speak Now (Taylor's Version),2023-07-07,22,album,Taylor Swift,06HL4z0CvFAxyc27GXpf02,0.734,0.686,-2.926,0.0349,0.225,0,0.136,0.598
Dear John (Taylor's Version),1zU8j1x3yi9xalMF96pzKp,405906,FALSE,5,5AEDGbliTTfjOB8TSm1sxt,Speak Now (Taylor's Version),2023-07-07,22,album,Taylor Swift,06HL4z0CvFAxyc27GXpf02,0.379,0.468,-5.07,0.0298,0.0327,0,0.158,0.115
Mean (Taylor's Version),30Y4CV7A6YqtQtTTo7Ue4j,238693,FALSE,6,5AEDGbliTTfjOB8TSm1sxt,Speak Now (Taylor's Version),2023-07-07,22,album,Taylor Swift,06HL4z0CvFAxyc27GXpf02,0.526,0.7,-3.95,0.0392,0.321,0,0.213,0.596
The Story Of Us (Taylor's Version),6dTA6y0C2ReQklntzZl8l3,267653,FALSE,7,5AEDGbliTTfjOB8TSm1sxt,Speak Now (Taylor's Version),2023-07-07,22,album,Taylor Swift,06HL4z0CvFAxyc27GXpf02,0.516,0.784,-2.636,0.0563,0.00136,0,0.0499,0.552
Never Grow Up (Taylor's Version),2EFZ9emtKWEglWUQGEQ3P9,292920,FALSE,8,5AEDGbliTTfjOB8TSm1sxt,Speak Now (Taylor's Version),2023-07-07,22,album,Taylor Swift,06HL4z0CvFAxyc27GXpf02,0.684,0.339,-7.259,0.029,0.867,0,0.194,0.572
Enchanted (Taylor's Version),3sW3oSbzsfecv9XoUdGs7h,353253,FALSE,9,5AEDGbliTTfjOB8TSm1sxt,Speak Now (Taylor's Version),2023-07-07,22,album,Taylor Swift,06HL4z0CvFAxyc27GXpf02,0.52,0.553,-3.546,0.0269,0.016,0,0.165,0.227
Better Than Revenge (Taylor's Version),0NwGC0v03ysCYINtg6ns58,220306,FALSE,10,5AEDGbliTTfjOB8TSm1sxt,Speak Now (Taylor's Version),2023-07-07,22,album,Taylor Swift,06HL4z0CvFAxyc27GXpf02,0.505,0.893,-3.013,0.0771,0.000795,0,0.178,0.659
Innocent (Taylor's Version),12nBPF4Rh4XLFJV0YLN7uj,301221,FALSE,11,5AEDGbliTTfjOB8TSm1sxt,Speak Now (Taylor's Version),2023-07-07,22,album,Taylor Swift,06HL4z0CvFAxyc27GXpf02,0.524,0.611,-5.298,0.0297,0.0972,0,0.127,0.126
Haunted (Taylor's Version),4tMzIAFTFdqGBQLdfbPces,245413,FALSE,12,5AEDGbliTTfjOB8TSm1sxt,Speak Now (Taylor's Version),2023-07-07,22,album,Taylor Swift,06HL4z0CvFAxyc27GXpf02,0.44,0.916,-1.927,0.0629,0.00552,0,0.252,0.371
Last Kiss (Taylor's Version),59KOoHFcw5XfICnO57holu,369120,FALSE,13,5AEDGbliTTfjOB8TSm1sxt,Speak Now (Taylor's Version),2023-07-07,22,album,Taylor Swift,06HL4z0CvFAxyc27GXpf02,0.557,0.362,-8.641,0.0263,0.443,0.00000357,0.1,0.187
Long Live (Taylor's Version),4hqJ4bSlYJOXb6Z4SRmzxs,317960,FALSE,14,5AEDGbliTTfjOB8TSm1sxt,Speak Now (Taylor's Version),2023-07-07,22,album,Taylor Swift,06HL4z0CvFAxyc27GXpf02,0.38,0.628,-4.054,0.038,0.0162,0,0.227,0.0984
Ours (Taylor’s Version),3yNJkriPzWjkkDAWHIAVUq,235803,FALSE,15,5AEDGbliTTfjOB8TSm1sxt,Speak Now (Taylor's Version),2023-07-07,22,album,Taylor Swift,06HL4z0CvFAxyc27GXpf02,0.539,0.475,-8.411,0.0287,0.42,0,0.109,0.293
Superman (Taylor’s Version),4evLyY5Ue1Wesc61t2KXAU,274945,FALSE,16,5AEDGbliTTfjOB8TSm1sxt,Speak Now (Taylor's Version),2023-07-07,22,album,Taylor Swift,06HL4z0CvFAxyc27GXpf02,0.537,0.733,-3.506,0.0302,0.00207,0,0.11,0.347
Electric Touch (feat. Fall Out Boy) (Taylor’s Version) (From The Vault),4e3ZNTAV6PCrdYMUrUlMpQ,266466,FALSE,17,5AEDGbliTTfjOB8TSm1sxt,Speak Now (Taylor's Version),2023-07-07,22,album,Taylor Swift,06HL4z0CvFAxyc27GXpf02,0.547,0.854,-4.753,0.0526,0.018,0,0.156,0.26
When Emma Falls in Love (Taylor’s Version) (From The Vault),0zo975x58DlXbZllWvfYhg,252385,FALSE,18,5AEDGbliTTfjOB8TSm1sxt,Speak Now (Taylor's Version),2023-07-07,22,album,Taylor Swift,06HL4z0CvFAxyc27GXpf02,0.524,0.759,-4.714,0.0471,0.168,0,0.104,0.234
I Can See You (Taylor’s Version) (From The Vault),5kHMfzgLZP95O9NBy0ku4v,273186,FALSE,19,5AEDGbliTTfjOB8TSm1sxt,Speak Now (Taylor's Version),2023-07-07,22,album,Taylor Swift,06HL4z0CvFAxyc27GXpf02,0.695,0.768,-4.883,0.0344,0.0577,0,0.0426,0.813
Castles Crumbling (feat. Hayley Williams) (Taylor’s Version) (From The Vault),4ABYxlb92WBIjHu7TIKmml,306062,FALSE,20,5AEDGbliTTfjOB8TSm1sxt,Speak Now (Taylor's Version),2023-07-07,22,album,Taylor Swift,06HL4z0CvFAxyc27GXpf02,0.578,0.565,-8.064,0.0441,0.342,0,0.0662,0.351
Foolish One (Taylor’s Version) (From The Vault),4s8BIKx4Zh6ryAEz8RTlaU,311765,FALSE,21,5AEDGbliTTfjOB8TSm1sxt,Speak Now (Taylor's Version),2023-07-07,22,album,Taylor Swift,06HL4z0CvFAxyc27GXpf02,0.672,0.613,-4.709,0.0298,0.599,0,0.112,0.557
Timeless (Taylor’s Version) (From The Vault),1HCdems7PQZRj42QDWLA0A,321396,FALSE,22,5AEDGbliTTfjOB8TSm1sxt,Speak Now (Taylor's Version),2023-07-07,22,album,Taylor Swift,06HL4z0CvFAxyc27GXpf02,0.629,0.578,-5.806,0.0319,0.332,0,0.0868,0.651
Lavender Haze,24emu3sabKISjRkrys28jq,202395,TRUE,1,1fnJ7k0bllNfL1kVdNVW1A,Midnights (The Til Dawn Edition),2023-05-26,23,album,Taylor Swift,06HL4z0CvFAxyc27GXpf02,0.735,0.449,-10.56,0.0883,0.23,0.00126,0.132,0.0955
Maroon,6qxvy9Pe4RJIq5JBVbbwbS,218270,TRUE,2,1fnJ7k0bllNfL1kVdNVW1A,Midnights (The Til Dawn Edition),2023-05-26,23,album,Taylor Swift,06HL4z0CvFAxyc27GXpf02,0.655,0.384,-8.29,0.0349,0.0634,0.00000145,0.0973,0.0384
Anti-Hero,5qIHFdkW6phMsTZlN2g8Lc,200690,FALSE,3,1fnJ7k0bllNfL1kVdNVW1A,Midnights (The Til Dawn Edition),2023-05-26,23,album,Taylor Swift,06HL4z0CvFAxyc27GXpf02,0.633,0.648,-6.645,0.062,0.121,0.00000262,0.161,0.49
Snow On The Beach (feat. Lana Del Rey),7GA86Uo2jYbj8vIXe2nyWd,256124,TRUE,4,1fnJ7k0bllNfL1kVdNVW1A,Midnights (The Til Dawn Edition),2023-05-26,23,album,Taylor Swift,06HL4z0CvFAxyc27GXpf02,0.663,0.321,-13.527,0.0409,0.701,0.000598,0.107,0.153
"You're On Your Own, Kid",6PQOU00xWNrGwCZzboriXy,194206,FALSE,5,1fnJ7k0bllNfL1kVdNVW1A,Midnights (The Til Dawn Edition),2023-05-26,23,album,Taylor Swift,06HL4z0CvFAxyc27GXpf02,0.696,0.39,-10.331,0.0616,0.447,0.0000155,0.125,0.395
Midnight Rain,4eKMqf9ZMSclDX7V9Ptg7x,174782,FALSE,6,1fnJ7k0bllNfL1kVdNVW1A,Midnights (The Til Dawn Edition),2023-05-26,23,album,Taylor Swift,06HL4z0CvFAxyc27GXpf02,0.604,0.375,-11.637,0.0633,0.71,0.0000587,0.116,0.203
Question...?,7oomkQSYf1ia2VnVEWfFIU,210556,TRUE,7,1fnJ7k0bllNfL1kVdNVW1A,Midnights (The Til Dawn Edition),2023-05-26,23,album,Taylor Swift,06HL4z0CvFAxyc27GXpf02,0.654,0.51,-8.767,0.242,0.206,0,0.249,0.105
Vigilante Shit,0GKDhq6ZbmSbRHd3eyGlB7,164801,TRUE,8,1fnJ7k0bllNfL1kVdNVW1A,Midnights (The Til Dawn Edition),2023-05-26,23,album,Taylor Swift,06HL4z0CvFAxyc27GXpf02,0.872,0.267,-10.764,0.387,0.166,0.0000218,0.123,0.168
Bejeweled,0VpF6RLdCfPIeYRwMu4tZK,194165,FALSE,9,1fnJ7k0bllNfL1kVdNVW1A,Midnights (The Til Dawn Edition),2023-05-26,23,album,Taylor Swift,06HL4z0CvFAxyc27GXpf02,0.687,0.551,-9.202,0.0787,0.0593,0.000143,0.09,0.443
Labyrinth,4bBDkw2KBMX0tcgAaXC83Q,247962,FALSE,10,1fnJ7k0bllNfL1kVdNVW1A,Midnights (The Til Dawn Edition),2023-05-26,23,album,Taylor Swift,06HL4z0CvFAxyc27GXpf02,0.48,0.295,-15.512,0.0384,0.797,0.333,0.12,0.132
Karma,45R112Jz5hQeKgITXgSXzs,204852,TRUE,11,1fnJ7k0bllNfL1kVdNVW1A,Midnights (The Til Dawn Edition),2023-05-26,23,album,Taylor Swift,06HL4z0CvFAxyc27GXpf02,0.64,0.619,-7.108,0.065,0.062,0,0.475,0.121
Sweet Nothing,2L09RYwH5Pjzca6PmbUAw3,188496,FALSE,12,1fnJ7k0bllNfL1kVdNVW1A,Midnights (The Til Dawn Edition),2023-05-26,23,album,Taylor Swift,06HL4z0CvFAxyc27GXpf02,0.336,0.161,-14.973,0.0456,0.968,0.00011,0.115,0.407
Mastermind,1QQii3pa5m8MEda0nbkjfw,191039,FALSE,13,1fnJ7k0bllNfL1kVdNVW1A,Midnights (The Til Dawn Edition),2023-05-26,23,album,Taylor Swift,06HL4z0CvFAxyc27GXpf02,0.66,0.343,-14.132,0.14,0.565,0.00134,0.0922,0.137
The Great War,2VuqMjgoKaOHNM8HpxtXKx,240355,FALSE,14,1fnJ7k0bllNfL1kVdNVW1A,Midnights (The Til Dawn Edition),2023-05-26,23,album,Taylor Swift,06HL4z0CvFAxyc27GXpf02,0.57,0.747,-8.93,0.0342,0.199,0.0000232,0.0854,0.574
Bigger Than The Whole Sky,71CBDRKmF2VeRKYMG1DFBh,218502,FALSE,15,1fnJ7k0bllNfL1kVdNVW1A,Midnights (The Til Dawn Edition),2023-05-26,23,album,Taylor Swift,06HL4z0CvFAxyc27GXpf02,0.42,0.22,-12.584,0.0472,0.841,0.00131,0.114,0.0705
Paris,5tWxKWq1DSP1s9WQ5PWuqu,196258,FALSE,16,1fnJ7k0bllNfL1kVdNVW1A,Midnights (The Til Dawn Edition),2023-05-26,23,album,Taylor Swift,06HL4z0CvFAxyc27GXpf02,0.703,0.518,-10.501,0.085,0.103,0.0000289,0.148,0.347
High Infidelity,1SztNGCwEHJEVFx90E5g7D,231475,FALSE,17,1fnJ7k0bllNfL1kVdNVW1A,Midnights (The Til Dawn Edition),2023-05-26,23,album,Taylor Swift,06HL4z0CvFAxyc27GXpf02,0.571,0.547,-10.141,0.101,0.704,0,0.0877,0.768
Glitch,7C0w28EsX0Um2FrZs9gso2,148781,FALSE,18,1fnJ7k0bllNfL1kVdNVW1A,Midnights (The Til Dawn Edition),2023-05-26,23,album,Taylor Swift,06HL4z0CvFAxyc27GXpf02,0.677,0.47,-9.65,0.259,0.314,0,0.11,0.347
"Would've, Could've, Should've",4txojlesMFQZGWxwz2EeqB,260361,FALSE,19,1fnJ7k0bllNfL1kVdNVW1A,Midnights (The Til Dawn Edition),2023-05-26,23,album,Taylor Swift,06HL4z0CvFAxyc27GXpf02,0.485,0.846,-6.557,0.117,0.393,0.00115,0.124,0.548
Dear Reader,10GRRCR5fctuOF4GFmATJI,225194,FALSE,20,1fnJ7k0bllNfL1kVdNVW1A,Midnights (The Til Dawn Edition),2023-05-26,23,album,Taylor Swift,06HL4z0CvFAxyc27GXpf02,0.674,0.39,-11.944,0.0483,0.464,0.00122,0.116,0.151
Hits Different,3xYJScVfxByb61dYHTwiby,234466,TRUE,21,1fnJ7k0bllNfL1kVdNVW1A,Midnights (The Til Dawn Edition),2023-05-26,23,album,Taylor Swift,06HL4z0CvFAxyc27GXpf02,0.666,0.786,-6.556,0.0439,0.134,0.00000334,0.265,0.261
Snow On The Beach (feat. More Lana Del Rey),4zmKGsrXjLmljb5fTaBTot,229942,TRUE,22,1fnJ7k0bllNfL1kVdNVW1A,Midnights (The Til Dawn Edition),2023-05-26,23,album,Taylor Swift,06HL4z0CvFAxyc27GXpf02,0.664,0.399,-10.997,0.0349,0.797,0.00000313,0.105,0.265
Karma (feat. Ice Spice),4i6cwNY6oIUU2XZxPIw82Y,201493,TRUE,23,1fnJ7k0bllNfL1kVdNVW1A,Midnights (The Til Dawn Edition),2023-05-26,23,album,Taylor Swift,06HL4z0CvFAxyc27GXpf02,0.615,0.626,-6.548,0.0778,0.0574,0,0.596,0.0705
Lavender Haze,4g2c7NoTWAOSYDy44l9nub,202395,TRUE,1,3lS1y25WAhcqJDATJK70Mq,Midnights (3am Edition),2022-10-22,20,album,Taylor Swift,06HL4z0CvFAxyc27GXpf02,0.735,0.449,-10.56,0.0883,0.23,0.00126,0.132,0.0955
Maroon,199E1RRrVmVTQqBXih5qRC,218270,TRUE,2,3lS1y25WAhcqJDATJK70Mq,Midnights (3am Edition),2022-10-22,20,album,Taylor Swift,06HL4z0CvFAxyc27GXpf02,0.655,0.384,-8.29,0.0349,0.0634,0.00000145,0.0973,0.0384
Anti-Hero,02Zkkf2zMkwRGQjZ7T4p8f,200690,FALSE,3,3lS1y25WAhcqJDATJK70Mq,Midnights (3am Edition),2022-10-22,20,album,Taylor Swift,06HL4z0CvFAxyc27GXpf02,0.633,0.648,-6.645,0.062,0.121,0.00000262,0.161,0.49
Snow On The Beach (feat. Lana Del Rey),6ADDIJxxqzM9LMpm78yzQG,256124,TRUE,4,3lS1y25WAhcqJDATJK70Mq,Midnights (3am Edition),2022-10-22,20,album,Taylor Swift,06HL4z0CvFAxyc27GXpf02,0.663,0.321,-13.527,0.0409,0.701,0.000598,0.107,0.153
"You're On Your Own, Kid",7gVWKBcfIW93YxNBi3ApIE,194206,FALSE,5,3lS1y25WAhcqJDATJK70Mq,Midnights (3am Edition),2022-10-22,20,album,Taylor Swift,06HL4z0CvFAxyc27GXpf02,0.696,0.39,-10.331,0.0616,0.447,0.0000155,0.125,0.395
Midnight Rain,6Nl7KyvjkFncGsjB49SxLl,174782,FALSE,6,3lS1y25WAhcqJDATJK70Mq,Midnights (3am Edition),2022-10-22,20,album,Taylor Swift,06HL4z0CvFAxyc27GXpf02,0.604,0.375,-11.637,0.0633,0.71,0.0000587,0.116,0.203
Question...?,6C7OF1Jal7YkyjzyUG8vkK,210556,TRUE,7,3lS1y25WAhcqJDATJK70Mq,Midnights (3am Edition),2022-10-22,20,album,Taylor Swift,06HL4z0CvFAxyc27GXpf02,0.654,0.51,-8.767,0.242,0.206,0,0.249,0.105
Vigilante Shit,5yeuXkukVGuix3vmLu2BPJ,164801,TRUE,8,3lS1y25WAhcqJDATJK70Mq,Midnights (3am Edition),2022-10-22,20,album,Taylor Swift,06HL4z0CvFAxyc27GXpf02,0.872,0.267,-10.764,0.387,0.166,0.0000218,0.123,0.168
Bejeweled,0jvo9CjnbR0lYUDTSNTMiu,194165,FALSE,9,3lS1y25WAhcqJDATJK70Mq,Midnights (3am Edition),2022-10-22,20,album,Taylor Swift,06HL4z0CvFAxyc27GXpf02,0.687,0.551,-9.202,0.0787,0.0593,0.000143,0.09,0.443
Labyrinth,43q586vP8gGkYypKoSddhl,247962,FALSE,10,3lS1y25WAhcqJDATJK70Mq,Midnights (3am Edition),2022-10-22,20,album,Taylor Swift,06HL4z0CvFAxyc27GXpf02,0.48,0.295,-15.512,0.0384,0.797,0.333,0.12,0.132
Karma,5oqDgw5VGBln5dSIOPWyBq,204852,TRUE,11,3lS1y25WAhcqJDATJK70Mq,Midnights (3am Edition),2022-10-22,20,album,Taylor Swift,06HL4z0CvFAxyc27GXpf02,0.64,0.619,-7.108,0.065,0.062,0,0.475,0.121
Sweet Nothing,3zmwONxswBAzGwExPugSLN,188496,FALSE,12,3lS1y25WAhcqJDATJK70Mq,Midnights (3am Edition),2022-10-22,20,album,Taylor Swift,06HL4z0CvFAxyc27GXpf02,0.336,0.161,-14.973,0.0456,0.968,0.00011,0.115,0.407
Mastermind,56hioFjQ0DXrdn04hZcFgG,191039,FALSE,13,3lS1y25WAhcqJDATJK70Mq,Midnights (3am Edition),2022-10-22,20,album,Taylor Swift,06HL4z0CvFAxyc27GXpf02,0.66,0.343,-14.132,0.14,0.565,0.00134,0.0922,0.137
The Great War,3UMrglJeju5yWyYIW6o99b,240355,FALSE,14,3lS1y25WAhcqJDATJK70Mq,Midnights (3am Edition),2022-10-22,20,album,Taylor Swift,06HL4z0CvFAxyc27GXpf02,0.57,0.747,-8.93,0.0342,0.199,0.0000232,0.0854,0.574
Bigger Than The Whole Sky,0BiqmkasE5FdrChwKfVp8X,218502,FALSE,15,3lS1y25WAhcqJDATJK70Mq,Midnights (3am Edition),2022-10-22,20,album,Taylor Swift,06HL4z0CvFAxyc27GXpf02,0.42,0.22,-12.584,0.0472,0.841,0.00131,0.114,0.0705
Paris,7712gjoih4QoDbXpljEk21,196258,FALSE,16,3lS1y25WAhcqJDATJK70Mq,Midnights (3am Edition),2022-10-22,20,album,Taylor Swift,06HL4z0CvFAxyc27GXpf02,0.703,0.518,-10.501,0.085,0.103,0.0000289,0.148,0.347
High Infidelity,5kiZGSxgqPdv6rbqL9THdd,231475,FALSE,17,3lS1y25WAhcqJDATJK70Mq,Midnights (3am Edition),2022-10-22,20,album,Taylor Swift,06HL4z0CvFAxyc27GXpf02,0.571,0.547,-10.141,0.101,0.704,0,0.0877,0.768
Glitch,6wAFvJPpTZVirBKGZ4EnMW,148781,FALSE,18,3lS1y25WAhcqJDATJK70Mq,Midnights (3am Edition),2022-10-22,20,album,Taylor Swift,06HL4z0CvFAxyc27GXpf02,0.677,0.47,-9.65,0.259,0.314,0,0.11,0.347
"Would've, Could've, Should've",0aV5uARAknQgYhBaK944FP,260361,FALSE,19,3lS1y25WAhcqJDATJK70Mq,Midnights (3am Edition),2022-10-22,20,album,Taylor Swift,06HL4z0CvFAxyc27GXpf02,0.485,0.846,-6.557,0.117,0.393,0.00115,0.124,0.548
Dear Reader,3QF5RsWzK1lCvf2o2cY65P,225194,FALSE,20,3lS1y25WAhcqJDATJK70Mq,Midnights (3am Edition),2022-10-22,20,album,Taylor Swift,06HL4z0CvFAxyc27GXpf02,0.674,0.39,-11.944,0.0483,0.464,0.00122,0.116,0.151
Lavender Haze,5jQI2r1RdgtuT8S3iG8zFC,202395,TRUE,1,151w1FgRZfnKZA9FEcg9Z3,Midnights,2022-10-21,13,album,Taylor Swift,06HL4z0CvFAxyc27GXpf02,0.735,0.449,-10.56,0.0883,0.23,0.00126,0.132,0.0955
Maroon,3eX0NZfLtGzoLUxPNvRfqm,218270,TRUE,2,151w1FgRZfnKZA9FEcg9Z3,Midnights,2022-10-21,13,album,Taylor Swift,06HL4z0CvFAxyc27GXpf02,0.655,0.384,-8.29,0.0349,0.0634,0.00000145,0.0973,0.0384
Anti-Hero,0V3wPSX9ygBnCm8psDIegu,200690,FALSE,3,151w1FgRZfnKZA9FEcg9Z3,Midnights,2022-10-21,13,album,Taylor Swift,06HL4z0CvFAxyc27GXpf02,0.633,0.648,-6.645,0.062,0.121,0.00000262,0.161,0.49
Snow On The Beach (feat. Lana Del Rey),1wtOxkiel43cVs0Yux5Q4h,256124,TRUE,4,151w1FgRZfnKZA9FEcg9Z3,Midnights,2022-10-21,13,album,Taylor Swift,06HL4z0CvFAxyc27GXpf02,0.663,0.321,-13.527,0.0409,0.701,0.000598,0.107,0.153
"You're On Your Own, Kid",4D7BCuvgdJlYvlX5WlN54t,194206,FALSE,5,151w1FgRZfnKZA9FEcg9Z3,Midnights,2022-10-21,13,album,Taylor Swift,06HL4z0CvFAxyc27GXpf02,0.696,0.39,-10.331,0.0616,0.447,0.0000155,0.125,0.395
Midnight Rain,3rWDp9tBPQR9z6U5YyRSK4,174782,FALSE,6,151w1FgRZfnKZA9FEcg9Z3,Midnights,2022-10-21,13,album,Taylor Swift,06HL4z0CvFAxyc27GXpf02,0.604,0.375,-11.637,0.0633,0.71,0.0000587,0.116,0.203
Question...?,0heeNYlwOGuUSe7TgUD27B,210556,TRUE,7,151w1FgRZfnKZA9FEcg9Z3,Midnights,2022-10-21,13,album,Taylor Swift,06HL4z0CvFAxyc27GXpf02,0.654,0.51,-8.767,0.242,0.206,0,0.249,0.105
Vigilante Shit,1xwAWUI6Dj0WGC3KiUPN0O,164801,TRUE,8,151w1FgRZfnKZA9FEcg9Z3,Midnights,2022-10-21,13,album,Taylor Swift,06HL4z0CvFAxyc27GXpf02,0.872,0.267,-10.764,0.387,0.166,0.0000218,0.123,0.168
Bejeweled,3qoftcUZaUOncvIYjFSPdE,194165,FALSE,9,151w1FgRZfnKZA9FEcg9Z3,Midnights,2022-10-21,13,album,Taylor Swift,06HL4z0CvFAxyc27GXpf02,0.687,0.551,-9.202,0.0787,0.0593,0.000143,0.09,0.443
Labyrinth,0A1JLUlkZkp2EFrosoNQi0,247962,FALSE,10,151w1FgRZfnKZA9FEcg9Z3,Midnights,2022-10-21,13,album,Taylor Swift,06HL4z0CvFAxyc27GXpf02,0.48,0.295,-15.512,0.0384,0.797,0.333,0.12,0.132
Karma,7KokYm8cMIXCsGVmUvKtqf,204852,TRUE,11,151w1FgRZfnKZA9FEcg9Z3,Midnights,2022-10-21,13,album,Taylor Swift,06HL4z0CvFAxyc27GXpf02,0.64,0.619,-7.108,0.065,0.062,0,0.475,0.121
Sweet Nothing,0wavGRldH0AWyu2zvTz8zb,188496,FALSE,12,151w1FgRZfnKZA9FEcg9Z3,Midnights,2022-10-21,13,album,Taylor Swift,06HL4z0CvFAxyc27GXpf02,0.336,0.161,-14.973,0.0456,0.968,0.00011,0.115,0.407
Mastermind,7FmYn9e7KHMXcxqGSj9LjH,191039,FALSE,13,151w1FgRZfnKZA9FEcg9Z3,Midnights,2022-10-21,13,album,Taylor Swift,06HL4z0CvFAxyc27GXpf02,0.66,0.343,-14.132,0.14,0.565,0.00134,0.0922,0.137
State Of Grace (Taylor's Version),6lzc0Al0zfZOIFsFvBS1ki,295413,FALSE,1,6kZ42qRrzov54LcAk4onW9,Red (Taylor's Version),2021-11-12,30,album,Taylor Swift,06HL4z0CvFAxyc27GXpf02,0.594,0.713,-5.314,0.0503,0.000328,0,0.114,0.328
Red (Taylor's Version),4OAuvHryIVv4kMDNSLuPt6,223093,FALSE,2,6kZ42qRrzov54LcAk4onW9,Red (Taylor's Version),2021-11-12,30,album,Taylor Swift,06HL4z0CvFAxyc27GXpf02,0.516,0.777,-4.908,0.0375,0.00108,0.00000162,0.0761,0.408
Treacherous (Taylor's Version),3S7HNKPakdwNEBFIVTL6dZ,242720,FALSE,3,6kZ42qRrzov54LcAk4onW9,Red (Taylor's Version),2021-11-12,30,album,Taylor Swift,06HL4z0CvFAxyc27GXpf02,0.645,0.593,-6.506,0.0288,0.0344,0.000127,0.13,0.299
I Knew You Were Trouble (Taylor's Version),6AtZLIzUINvExIUy4QhdjP,219760,FALSE,4,6kZ42qRrzov54LcAk4onW9,Red (Taylor's Version),2021-11-12,30,album,Taylor Swift,06HL4z0CvFAxyc27GXpf02,0.584,0.557,-6.371,0.0342,0.0129,0,0.0576,0.767
All Too Well (Taylor's Version),3nsfB1vus2qaloUdcBZvDu,329160,FALSE,5,6kZ42qRrzov54LcAk4onW9,Red (Taylor's Version),2021-11-12,30,album,Taylor Swift,06HL4z0CvFAxyc27GXpf02,0.44,0.528,-7.809,0.0317,0.0171,0.00203,0.234,0.132
22 (Taylor's Version),3yII7UwgLF6K5zW3xad3MP,230960,FALSE,6,6kZ42qRrzov54LcAk4onW9,Red (Taylor's Version),2021-11-12,30,album,Taylor Swift,06HL4z0CvFAxyc27GXpf02,0.642,0.695,-5.62,0.0281,0.000443,0.0000102,0.0753,0.642
I Almost Do (Taylor's Version),2r9CbjYgFhtAmcFv1cSquB,244586,FALSE,7,6kZ42qRrzov54LcAk4onW9,Red (Taylor's Version),2021-11-12,30,album,Taylor Swift,06HL4z0CvFAxyc27GXpf02,0.511,0.559,-6.587,0.0264,0.0167,0,0.113,0.248
We Are Never Ever Getting Back Together (Taylor's Version),5YqltLsjdqFtvqE7Nrysvs,193146,FALSE,8,6kZ42qRrzov54LcAk4onW9,Red (Taylor's Version),2021-11-12,30,album,Taylor Swift,06HL4z0CvFAxyc27GXpf02,0.567,0.686,-6.139,0.175,0.0317,0.00000186,0.0732,0.716
Stay Stay Stay (Taylor's Version),7eQj6r5PIdYKEIZjucBMcq,205786,FALSE,9,6kZ42qRrzov54LcAk4onW9,Red (Taylor's Version),2021-11-12,30,album,Taylor Swift,06HL4z0CvFAxyc27GXpf02,0.693,0.681,-7.039,0.025,0.0848,0,0.0768,0.663
The Last Time (feat. Gary Lightbody of Snow Patrol) (Taylor’s Version),0y6kdSRCVQhSsHSpWvTUm7,299080,FALSE,10,6kZ42qRrzov54LcAk4onW9,Red (Taylor's Version),2021-11-12,30,album,Taylor Swift,06HL4z0CvFAxyc27GXpf02,0.502,0.534,-5.954,0.0278,0.0399,0,0.0977,0.155
Holy Ground (Taylor's Version),7J4b3LVCIGO4CMBDFLPoP6,202960,FALSE,11,6kZ42qRrzov54LcAk4onW9,Red (Taylor's Version),2021-11-12,30,album,Taylor Swift,06HL4z0CvFAxyc27GXpf02,0.622,0.809,-5.623,0.0638,0.0288,0.00218,0.109,0.511
Sad Beautiful Tragic (Taylor's Version),73qMN9bXy7MSPwwGfH3wQr,284773,FALSE,12,6kZ42qRrzov54LcAk4onW9,Red (Taylor's Version),2021-11-12,30,album,Taylor Swift,06HL4z0CvFAxyc27GXpf02,0.601,0.406,-11.827,0.0275,0.622,0.0000919,0.133,0.232
The Lucky One (Taylor's Version),4e5ayHsOLJNLTGfjau2mEw,240466,FALSE,13,6kZ42qRrzov54LcAk4onW9,Red (Taylor's Version),2021-11-12,30,album,Taylor Swift,06HL4z0CvFAxyc27GXpf02,0.686,0.571,-7.138,0.05,0.066,0,0.0608,0.538
Everything Has Changed (feat. Ed Sheeran) (Taylor’s Version),7qEUFOVcxRI19tbT68JcYK,245426,FALSE,14,6kZ42qRrzov54LcAk4onW9,Red (Taylor's Version),2021-11-12,30,album,Taylor Swift,06HL4z0CvFAxyc27GXpf02,0.498,0.61,-5.098,0.0363,0.271,0,0.223,0.474
Starlight (Taylor's Version),7A2cNLRT0YJc1yjxHlKihs,220413,FALSE,15,6kZ42qRrzov54LcAk4onW9,Red (Taylor's Version),2021-11-12,30,album,Taylor Swift,06HL4z0CvFAxyc27GXpf02,0.628,0.685,-5.864,0.0358,0.00324,0,0.18,0.605
Begin Again (Taylor's Version),05GsNucq8Bngd9fnd4fRa0,238866,FALSE,16,6kZ42qRrzov54LcAk4onW9,Red (Taylor's Version),2021-11-12,30,album,Taylor Swift,06HL4z0CvFAxyc27GXpf02,0.519,0.527,-7.673,0.0274,0.075,0,0.132,0.267
The Moment I Knew (Taylor's Version),0NRHj8hDwwmSPaA41o379r,285280,FALSE,17,6kZ42qRrzov54LcAk4onW9,Red (Taylor's Version),2021-11-12,30,album,Taylor Swift,06HL4z0CvFAxyc27GXpf02,0.636,0.402,-7.855,0.031,0.0494,0,0.107,0.208
Come Back...Be Here (Taylor's Version),4pNApnaUWAL2J4KO2eqokq,223333,FALSE,18,6kZ42qRrzov54LcAk4onW9,Red (Taylor's Version),2021-11-12,30,album,Taylor Swift,06HL4z0CvFAxyc27GXpf02,0.46,0.632,-6.031,0.0302,0.0158,0,0.0822,0.399
Girl At Home (Taylor's Version),0DMVrlMUn01M0IcpDbwgu7,220520,FALSE,19,6kZ42qRrzov54LcAk4onW9,Red (Taylor's Version),2021-11-12,30,album,Taylor Swift,06HL4z0CvFAxyc27GXpf02,0.691,0.736,-6.974,0.0326,0.00955,0.0000188,0.101,0.612
State Of Grace (Acoustic Version) (Taylor's Version),5jAIouBES8LWMiriuNq170,321640,FALSE,20,6kZ42qRrzov54LcAk4onW9,Red (Taylor's Version),2021-11-12,30,album,Taylor Swift,06HL4z0CvFAxyc27GXpf02,0.445,0.131,-13.778,0.0564,0.663,0.00000157,0.108,0.101
Ronan (Taylor's Version),7nWui6jiMM2m9qFmET1Mtj,264253,FALSE,21,6kZ42qRrzov54LcAk4onW9,Red (Taylor's Version),2021-11-12,30,album,Taylor Swift,06HL4z0CvFAxyc27GXpf02,0.623,0.279,-10.802,0.031,0.661,0,0.193,0.38
Better Man (Taylor's Version) (From The Vault),4OmFmE0fzcMG6g0Y8p4eSD,297013,FALSE,22,6kZ42qRrzov54LcAk4onW9,Red (Taylor's Version),2021-11-12,30,album,Taylor Swift,06HL4z0CvFAxyc27GXpf02,0.473,0.579,-5.824,0.0384,0.214,0,0.0877,0.255
Nothing New (feat. Phoebe Bridgers) (Taylor’s Version) (From The Vault),01K4zKU104LyJ8gMb7227B,258812,FALSE,23,6kZ42qRrzov54LcAk4onW9,Red (Taylor's Version),2021-11-12,30,album,Taylor Swift,06HL4z0CvFAxyc27GXpf02,0.606,0.377,-9.455,0.0275,0.817,0,0.154,0.446
Babe (Taylor's Version) (From The Vault),0v4z1tuZvn6LGknom9Qx7d,224240,FALSE,24,6kZ42qRrzov54LcAk4onW9,Red (Taylor's Version),2021-11-12,30,album,Taylor Swift,06HL4z0CvFAxyc27GXpf02,0.584,0.743,-7.075,0.0931,0.0538,0.00000283,0.121,0.746
Message In A Bottle (Taylor's Version) (From The Vault),3z6XUommYDWPHeFhmhhT6j,225960,FALSE,25,6kZ42qRrzov54LcAk4onW9,Red (Taylor's Version),2021-11-12,30,album,Taylor Swift,06HL4z0CvFAxyc27GXpf02,0.622,0.791,-6.106,0.0535,0.00188,0.00000372,0.083,0.494
I Bet You Think About Me (feat. Chris Stapleton) (Taylor’s Version) (From The Vault),4CkgMiMqZ5JzW9iYXSTMTL,285106,TRUE,26,6kZ42qRrzov54LcAk4onW9,Red (Taylor's Version),2021-11-12,30,album,Taylor Swift,06HL4z0CvFAxyc27GXpf02,0.391,0.715,-4.516,0.0495,0.167,0,0.183,0.473
Forever Winter (Taylor's Version) (From The Vault),3oGVx9RBmiYGv5ZCecWLkx,263533,FALSE,27,6kZ42qRrzov54LcAk4onW9,Red (Taylor's Version),2021-11-12,30,album,Taylor Swift,06HL4z0CvFAxyc27GXpf02,0.611,0.552,-5.828,0.031,0.256,0,0.134,0.41
Run (feat. Ed Sheeran) (Taylor’s Version) (From The Vault),4IQkfUsrwXol38VV3U7t7T,240226,FALSE,28,6kZ42qRrzov54LcAk4onW9,Red (Taylor's Version),2021-11-12,30,album,Taylor Swift,06HL4z0CvFAxyc27GXpf02,0.61,0.488,-6.918,0.0293,0.817,0,0.312,0.443
The Very First Night (Taylor's Version) (From The Vault),6pYNq0ZwpPVazKzsqpf0G8,200280,FALSE,29,6kZ42qRrzov54LcAk4onW9,Red (Taylor's Version),2021-11-12,30,album,Taylor Swift,06HL4z0CvFAxyc27GXpf02,0.678,0.733,-5.025,0.0281,0.00115,0,0.104,0.581
All Too Well (10 Minute Version) (Taylor's Version) (From The Vault),5enxwA8aAbwZbf5qCHORXi,613026,TRUE,30,6kZ42qRrzov54LcAk4onW9,Red (Taylor's Version),2021-11-12,30,album,Taylor Swift,06HL4z0CvFAxyc27GXpf02,0.631,0.518,-8.771,0.0303,0.274,0,0.088,0.205
Fearless (Taylor’s Version),77sMIMlNaSURUAXq5coCxE,241591,FALSE,1,4hDok0OAJd57SGIT8xuWJH,Fearless (Taylor's Version),2021-04-09,26,album,Taylor Swift,06HL4z0CvFAxyc27GXpf02,0.569,0.741,-4.963,0.0282,0.0122,0,0.333,0.43
Fifteen (Taylor’s Version),2nqio0SfWg6gh2eCtfuMa5,294419,FALSE,2,4hDok0OAJd57SGIT8xuWJH,Fearless (Taylor's Version),2021-04-09,26,album,Taylor Swift,06HL4z0CvFAxyc27GXpf02,0.559,0.646,-4.61,0.0272,0.116,0,0.32,0.289
Love Story (Taylor’s Version),6YvqWjhGD8mB5QXcbcUKtx,235766,FALSE,3,4hDok0OAJd57SGIT8xuWJH,Fearless (Taylor's Version),2021-04-09,26,album,Taylor Swift,06HL4z0CvFAxyc27GXpf02,0.627,0.792,-4.311,0.031,0.13,0.00000397,0.0845,0.415
Hey Stephen (Taylor’s Version),550erGcdD9n6PnwxrvYqZT,254254,FALSE,4,4hDok0OAJd57SGIT8xuWJH,Fearless (Taylor's Version),2021-04-09,26,album,Taylor Swift,06HL4z0CvFAxyc27GXpf02,0.788,0.571,-6.135,0.0296,0.106,0,0.0934,0.797
White Horse (Taylor’s Version),5YL553x8sHderRBDlm3NM3,234515,FALSE,5,4hDok0OAJd57SGIT8xuWJH,Fearless (Taylor's Version),2021-04-09,26,album,Taylor Swift,06HL4z0CvFAxyc27GXpf02,0.423,0.517,-7.377,0.0486,0.369,0,0.177,0.366
You Belong With Me (Taylor’s Version),1qrpoAMXodY6895hGKoUpA,231124,FALSE,6,4hDok0OAJd57SGIT8xuWJH,Fearless (Taylor's Version),2021-04-09,26,album,Taylor Swift,06HL4z0CvFAxyc27GXpf02,0.632,0.773,-4.856,0.0346,0.0623,0,0.0885,0.474
Breathe (feat. Colbie Caillat) (Taylor’s Version),7HC7R2D8WjXVcUHJyEGjRs,263377,FALSE,7,4hDok0OAJd57SGIT8xuWJH,Fearless (Taylor's Version),2021-04-09,26,album,Taylor Swift,06HL4z0CvFAxyc27GXpf02,0.506,0.626,-6.066,0.0287,0.156,0,0.228,0.321
Tell Me Why (Taylor’s Version),0k0vFacOHNuArLWMiH60p7,200575,FALSE,8,4hDok0OAJd57SGIT8xuWJH,Fearless (Taylor's Version),2021-04-09,26,album,Taylor Swift,06HL4z0CvFAxyc27GXpf02,0.578,0.909,-3.669,0.0628,0.0222,0,0.333,0.541
You’re Not Sorry (Taylor’s Version),6iiAfo4wTA2CVC3Uwx9uh8,261842,FALSE,9,4hDok0OAJd57SGIT8xuWJH,Fearless (Taylor's Version),2021-04-09,26,album,Taylor Swift,06HL4z0CvFAxyc27GXpf02,0.506,0.444,-4.99,0.0285,0.0538,0,0.123,0.241
The Way I Loved You (Taylor’s Version),22bPsP2jCgbLUvh82U0Z3M,243136,FALSE,10,4hDok0OAJd57SGIT8xuWJH,Fearless (Taylor's Version),2021-04-09,26,album,Taylor Swift,06HL4z0CvFAxyc27GXpf02,0.402,0.732,-4.665,0.0484,0.0033,0,0.108,0.472
Forever & Always (Taylor’s Version),1msEuwSBneBKpVCZQcFTsU,225328,FALSE,11,4hDok0OAJd57SGIT8xuWJH,Fearless (Taylor's Version),2021-04-09,26,album,Taylor Swift,06HL4z0CvFAxyc27GXpf02,0.598,0.821,-4.433,0.0447,0.0231,0,0.143,0.673
The Best Day (Taylor’s Version),6ON9UuIq49xXY9GPmHIYRp,245290,FALSE,12,4hDok0OAJd57SGIT8xuWJH,Fearless (Taylor's Version),2021-04-09,26,album,Taylor Swift,06HL4z0CvFAxyc27GXpf02,0.642,0.576,-8.524,0.0282,0.488,0,0.159,0.469
Change (Taylor’s Version),3ExweHKZF9B752DPQByRVT,279359,FALSE,13,4hDok0OAJd57SGIT8xuWJH,Fearless (Taylor's Version),2021-04-09,26,album,Taylor Swift,06HL4z0CvFAxyc27GXpf02,0.499,0.815,-4.063,0.0341,0.000191,0,0.181,0.344
Jump Then Fall (Taylor’s Version),2m3ObD945KvpE5y9A1eUWm,237580,FALSE,14,4hDok0OAJd57SGIT8xuWJH,Fearless (Taylor's Version),2021-04-09,26,album,Taylor Swift,06HL4z0CvFAxyc27GXpf02,0.572,0.69,-6.201,0.0358,0.0474,0,0.0897,0.624
Untouchable (Taylor’s Version),0tQ9vBYpldCuikPsbgOVKA,312107,FALSE,15,4hDok0OAJd57SGIT8xuWJH,Fearless (Taylor's Version),2021-04-09,26,album,Taylor Swift,06HL4z0CvFAxyc27GXpf02,0.393,0.531,-6.112,0.0329,0.0181,0,0.169,0.224
Forever & Always (Piano Version) (Taylor’s Version),01QdEx6kFr78ZejhQtWR5m,267833,FALSE,16,4hDok0OAJd57SGIT8xuWJH,Fearless (Taylor's Version),2021-04-09,26,album,Taylor Swift,06HL4z0CvFAxyc27GXpf02,0.546,0.273,-9.208,0.0308,0.819,0,0.137,0.271
Come In With The Rain (Taylor’s Version),1n2wszmJyVkw6FHqyLnQsY,237338,FALSE,17,4hDok0OAJd57SGIT8xuWJH,Fearless (Taylor's Version),2021-04-09,26,album,Taylor Swift,06HL4z0CvFAxyc27GXpf02,0.476,0.564,-5.677,0.0269,0.0406,0,0.102,0.167
Superstar (Taylor’s Version),51A8eKvvZz9uydvIZ7xRSV,263865,FALSE,18,4hDok0OAJd57SGIT8xuWJH,Fearless (Taylor's Version),2021-04-09,26,album,Taylor Swift,06HL4z0CvFAxyc27GXpf02,0.454,0.555,-6.69,0.0283,0.157,0,0.343,0.171
The Other Side Of The Door (Taylor’s Version),1cSFlSBdpT4F5vb1frQ231,238443,FALSE,19,4hDok0OAJd57SGIT8xuWJH,Fearless (Taylor's Version),2021-04-09,26,album,Taylor Swift,06HL4z0CvFAxyc27GXpf02,0.432,0.873,-4.367,0.0577,0.0279,0,0.167,0.629
Today Was A Fairytale (Taylor’s Version),2JoJrsEV15OzbijS47lids,241822,FALSE,20,4hDok0OAJd57SGIT8xuWJH,Fearless (Taylor's Version),2021-04-09,26,album,Taylor Swift,06HL4z0CvFAxyc27GXpf02,0.482,0.779,-5.025,0.0409,0.0135,0,0.296,0.328
You All Over Me (feat. Maren Morris) (Taylor’s Version) (From The Vault),4CHpVfAhuxNJ3ibExe6kxO,220839,FALSE,21,4hDok0OAJd57SGIT8xuWJH,Fearless (Taylor's Version),2021-04-09,26,album,Taylor Swift,06HL4z0CvFAxyc27GXpf02,0.599,0.494,-7.61,0.0372,0.816,0,0.101,0.44
Mr. Perfectly Fine (Taylor’s Version) (From The Vault),2CYVETnhM9aytqrazYYwrK,277591,FALSE,22,4hDok0OAJd57SGIT8xuWJH,Fearless (Taylor's Version),2021-04-09,26,album,Taylor Swift,06HL4z0CvFAxyc27GXpf02,0.66,0.817,-6.269,0.0521,0.162,0,0.0667,0.714
We Were Happy (Taylor’s Version) (From The Vault),34V9RiEPe8MNdU32qJsJa1,244236,FALSE,23,4hDok0OAJd57SGIT8xuWJH,Fearless (Taylor's Version),2021-04-09,26,album,Taylor Swift,06HL4z0CvFAxyc27GXpf02,0.609,0.373,-8.819,0.0263,0.849,0,0.0779,0.13
That’s When (feat. Keith Urban) (Taylor’s Version) (From The Vault),7eResoqEJJAVTkQYSqvO3P,189495,FALSE,24,4hDok0OAJd57SGIT8xuWJH,Fearless (Taylor's Version),2021-04-09,26,album,Taylor Swift,06HL4z0CvFAxyc27GXpf02,0.588,0.608,-7.062,0.0365,0.225,0,0.092,0.508
Don’t You (Taylor’s Version) (From The Vault),4uuEGH5SVuzkkSFjo2DEiY,208608,FALSE,25,4hDok0OAJd57SGIT8xuWJH,Fearless (Taylor's Version),2021-04-09,26,album,Taylor Swift,06HL4z0CvFAxyc27GXpf02,0.563,0.473,-11.548,0.0503,0.514,0.000012,0.109,0.405
Bye Bye Baby (Taylor’s Version) (From The Vault),4qUijfYU8EoIWiY6oSyrgT,242157,FALSE,26,4hDok0OAJd57SGIT8xuWJH,Fearless (Taylor's Version),2021-04-09,26,album,Taylor Swift,06HL4z0CvFAxyc27GXpf02,0.624,0.624,-7.86,0.0539,0.334,0,0.0995,0.527
willow,2gVhfX2Gy1T9kDuS9azrF7,214706,FALSE,1,6AORtDjduMM3bupSWzbTSG,evermore (deluxe version),2021-01-07,17,album,Taylor Swift,06HL4z0CvFAxyc27GXpf02,0.392,0.574,-9.195,0.17,0.833,0.00179,0.145,0.529
champagne problems,1gcyHQpBQ1lfXGdhZmWrHP,244000,TRUE,2,6AORtDjduMM3bupSWzbTSG,evermore (deluxe version),2021-01-07,17,album,Taylor Swift,06HL4z0CvFAxyc27GXpf02,0.462,0.24,-12.077,0.0377,0.92,0,0.113,0.32
gold rush,3Dby3p1m6IOZn2gIIqECgK,185320,TRUE,3,6AORtDjduMM3bupSWzbTSG,evermore (deluxe version),2021-01-07,17,album,Taylor Swift,06HL4z0CvFAxyc27GXpf02,0.512,0.462,-10.491,0.0408,0.83,0.166,0.121,0.353
‘tis the damn season,6sQckd3Z8NPxVVKUnavY1F,229840,FALSE,4,6AORtDjduMM3bupSWzbTSG,evermore (deluxe version),2021-01-07,17,album,Taylor Swift,06HL4z0CvFAxyc27GXpf02,0.575,0.434,-8.193,0.0312,0.735,0.0000659,0.105,0.348
tolerate it,6lCvK2AR2uOKkVFCVlAzzm,245440,TRUE,5,6AORtDjduMM3bupSWzbTSG,evermore (deluxe version),2021-01-07,17,album,Taylor Swift,06HL4z0CvFAxyc27GXpf02,0.316,0.361,-10.381,0.0488,0.878,0.0000267,0.0797,0.221
"no body, no crime (feat. HAIM)",6uwfVkaOM1mcMkFmSn35ix,215626,FALSE,6,6AORtDjduMM3bupSWzbTSG,evermore (deluxe version),2021-01-07,17,album,Taylor Swift,06HL4z0CvFAxyc27GXpf02,0.546,0.613,-7.589,0.0264,0.418,0,0.103,0.535
happiness,55Vf4bimc1Rtfg0PAQRAo2,315146,TRUE,7,6AORtDjduMM3bupSWzbTSG,evermore (deluxe version),2021-01-07,17,album,Taylor Swift,06HL4z0CvFAxyc27GXpf02,0.559,0.334,-10.733,0.0376,0.87,0,0.114,0.211
dorothea,66tOfHVH3aUrscg8vExRV4,225880,FALSE,8,6AORtDjduMM3bupSWzbTSG,evermore (deluxe version),2021-01-07,17,album,Taylor Swift,06HL4z0CvFAxyc27GXpf02,0.605,0.488,-8.322,0.0264,0.696,0,0.129,0.354
coney island (feat. The National),2awNGIJHodfLZSClB3PYhz,275320,FALSE,9,6AORtDjduMM3bupSWzbTSG,evermore (deluxe version),2021-01-07,17,album,Taylor Swift,06HL4z0CvFAxyc27GXpf02,0.537,0.537,-11.266,0.0617,0.819,0.000904,0.142,0.292
ivy,43Ykum9T72UOPhBN31grpN,260440,TRUE,10,6AORtDjduMM3bupSWzbTSG,evermore (deluxe version),2021-01-07,17,album,Taylor Swift,06HL4z0CvFAxyc27GXpf02,0.515,0.545,-9.277,0.0353,0.855,0.0000197,0.0921,0.535
cowboy like me,52OkpDsU6MmPx1AwGOb6Ap,275040,TRUE,11,6AORtDjduMM3bupSWzbTSG,evermore (deluxe version),2021-01-07,17,album,Taylor Swift,06HL4z0CvFAxyc27GXpf02,0.604,0.517,-9.014,0.0347,0.768,0.000155,0.123,0.511
long story short,5VYWxXUpxuxEmCqMLDqICo,215920,FALSE,12,6AORtDjduMM3bupSWzbTSG,evermore (deluxe version),2021-01-07,17,album,Taylor Swift,06HL4z0CvFAxyc27GXpf02,0.546,0.73,-7.704,0.0417,0.66,0.179,0.0972,0.573
marjorie,5uICWmZTLkpEVbK22PBP6e,257773,FALSE,13,6AORtDjduMM3bupSWzbTSG,evermore (deluxe version),2021-01-07,17,album,Taylor Swift,06HL4z0CvFAxyc27GXpf02,0.535,0.561,-11.609,0.0484,0.876,0.000136,0.115,0.287
closure,6a8aUhYbaQBUI8PcJ5ZmQ6,180653,FALSE,14,6AORtDjduMM3bupSWzbTSG,evermore (deluxe version),2021-01-07,17,album,Taylor Swift,06HL4z0CvFAxyc27GXpf02,0.689,0.704,-10.813,0.245,0.835,0.00000483,0.134,0.92
evermore (feat. Bon Iver),6Wlq9rqkxrqj5Kls4Kw14H,304106,FALSE,15,6AORtDjduMM3bupSWzbTSG,evermore (deluxe version),2021-01-07,17,album,Taylor Swift,06HL4z0CvFAxyc27GXpf02,0.39,0.27,-10.673,0.0308,0.937,0.00227,0.111,0.32
right where you left me - bonus track,3zwMVvkBe2qIKDObWgXw4N,245026,FALSE,16,6AORtDjduMM3bupSWzbTSG,evermore (deluxe version),2021-01-07,17,album,Taylor Swift,06HL4z0CvFAxyc27GXpf02,0.581,0.619,-6.524,0.0282,0.769,0.000106,0.117,0.645
it’s time to go - bonus track,1kdWw77ZpYOkhxeuhzU1j6,254640,FALSE,17,6AORtDjduMM3bupSWzbTSG,evermore (deluxe version),2021-01-07,17,album,Taylor Swift,06HL4z0CvFAxyc27GXpf02,0.592,0.41,-12.426,0.0397,0.801,0.0000139,0.09,0.416
willow,0lx2cLdOt3piJbcaXIV74f,214706,FALSE,1,2Xoteh7uEpea4TohMxjtaq,evermore,2020-12-11,15,album,Taylor Swift,06HL4z0CvFAxyc27GXpf02,0.392,0.574,-9.195,0.17,0.833,0.00179,0.145,0.529
champagne problems,0sY6ZUTh4yoctD8VIXz339,244000,TRUE,2,2Xoteh7uEpea4TohMxjtaq,evermore,2020-12-11,15,album,Taylor Swift,06HL4z0CvFAxyc27GXpf02,0.462,0.24,-12.077,0.0377,0.92,0,0.113,0.32
gold rush,5BK0uqwY9DNfZ630STAEaq,185320,TRUE,3,2Xoteh7uEpea4TohMxjtaq,evermore,2020-12-11,15,album,Taylor Swift,06HL4z0CvFAxyc27GXpf02,0.512,0.462,-10.491,0.0408,0.83,0.166,0.121,0.353
‘tis the damn season,7dW84mWkdWE5a6lFWxJCBG,229840,FALSE,4,2Xoteh7uEpea4TohMxjtaq,evermore,2020-12-11,15,album,Taylor Swift,06HL4z0CvFAxyc27GXpf02,0.575,0.434,-8.193,0.0312,0.735,0.0000659,0.105,0.348
tolerate it,0PurA4JVJ8YQgSVopY8fn6,245440,TRUE,5,2Xoteh7uEpea4TohMxjtaq,evermore,2020-12-11,15,album,Taylor Swift,06HL4z0CvFAxyc27GXpf02,0.316,0.361,-10.381,0.0488,0.878,0.0000267,0.0797,0.221
"no body, no crime (feat. HAIM)",3RaT22zZsxVYxxKR7TAaYF,215626,FALSE,6,2Xoteh7uEpea4TohMxjtaq,evermore,2020-12-11,15,album,Taylor Swift,06HL4z0CvFAxyc27GXpf02,0.546,0.613,-7.589,0.0264,0.418,0,0.103,0.535
happiness,73YUReisjb3A9ActdLLjJQ,315146,TRUE,7,2Xoteh7uEpea4TohMxjtaq,evermore,2020-12-11,15,album,Taylor Swift,06HL4z0CvFAxyc27GXpf02,0.559,0.334,-10.733,0.0376,0.87,0,0.114,0.211
dorothea,670fUmXf4KQekzbEgaXyPA,225880,FALSE,8,2Xoteh7uEpea4TohMxjtaq,evermore,2020-12-11,15,album,Taylor Swift,06HL4z0CvFAxyc27GXpf02,0.605,0.488,-8.322,0.0264,0.696,0,0.129,0.354
coney island (feat. The National),3k7ne7VmH43ZPWxPdvPUgR,275320,FALSE,9,2Xoteh7uEpea4TohMxjtaq,evermore,2020-12-11,15,album,Taylor Swift,06HL4z0CvFAxyc27GXpf02,0.537,0.537,-11.266,0.0617,0.819,0.000904,0.142,0.292
ivy,19CSr8rwW05VJL2F91KFNK,260440,TRUE,10,2Xoteh7uEpea4TohMxjtaq,evermore,2020-12-11,15,album,Taylor Swift,06HL4z0CvFAxyc27GXpf02,0.515,0.545,-9.277,0.0353,0.855,0.0000197,0.0921,0.535
cowboy like me,1XjHRolIXL2M1EEOUsGGR4,275040,TRUE,11,2Xoteh7uEpea4TohMxjtaq,evermore,2020-12-11,15,album,Taylor Swift,06HL4z0CvFAxyc27GXpf02,0.604,0.517,-9.014,0.0347,0.768,0.000155,0.123,0.511
long story short,2o2sgVJIgFXk8GQjWTgI6U,215920,FALSE,12,2Xoteh7uEpea4TohMxjtaq,evermore,2020-12-11,15,album,Taylor Swift,06HL4z0CvFAxyc27GXpf02,0.546,0.73,-7.704,0.0417,0.66,0.179,0.0972,0.573
marjorie,12ntTeqEeTg7GAVpe8Mhpl,257773,FALSE,13,2Xoteh7uEpea4TohMxjtaq,evermore,2020-12-11,15,album,Taylor Swift,06HL4z0CvFAxyc27GXpf02,0.535,0.561,-11.609,0.0484,0.876,0.000136,0.115,0.287
closure,35rdVq36LMHQX0Suw9a6tK,180653,FALSE,14,2Xoteh7uEpea4TohMxjtaq,evermore,2020-12-11,15,album,Taylor Swift,06HL4z0CvFAxyc27GXpf02,0.689,0.704,-10.813,0.245,0.835,0.00000483,0.134,0.92
evermore (feat. Bon Iver),3O5osWf1rSoKMwe6E9ZaXP,304106,FALSE,15,2Xoteh7uEpea4TohMxjtaq,evermore,2020-12-11,15,album,Taylor Swift,06HL4z0CvFAxyc27GXpf02,0.39,0.27,-10.673,0.0308,0.937,0.00227,0.111,0.32
the 1,0P9wLFurlgumLXuqFEpw52,210240,TRUE,1,0PZ7lAru5FDFHuirTkWe9Z,folklore: the long pond studio sessions (from the Disney+ special) [deluxe edition],2020-11-25,34,album,Taylor Swift,06HL4z0CvFAxyc27GXpf02,0.78,0.361,-6.942,0.048,0.75,0.00000714,0.108,0.163
cardigan,7zcnlq38eqNWyUF6eNaB5Z,239560,FALSE,2,0PZ7lAru5FDFHuirTkWe9Z,folklore: the long pond studio sessions (from the Disney+ special) [deluxe edition],2020-11-25,34,album,Taylor Swift,06HL4z0CvFAxyc27GXpf02,0.612,0.58,-8.572,0.0419,0.525,0.000414,0.26,0.534
the last great american dynasty,4ojxSyrEraN7d46BMBPThZ,231000,TRUE,3,0PZ7lAru5FDFHuirTkWe9Z,folklore: the long pond studio sessions (from the Disney+ special) [deluxe edition],2020-11-25,34,album,Taylor Swift,06HL4z0CvFAxyc27GXpf02,0.688,0.653,-8.558,0.0403,0.481,0.00414,0.106,0.701
exile (feat. Bon Iver),6kz2hkq1xQvDqPcUyBkw8f,285640,FALSE,4,0PZ7lAru5FDFHuirTkWe9Z,folklore: the long pond studio sessions (from the Disney+ special) [deluxe edition],2020-11-25,34,album,Taylor Swift,06HL4z0CvFAxyc27GXpf02,0.31,0.374,-8.464,0.0275,0.761,0.0000246,0.11,0.16
my tears ricochet,0Oju1YcbPCJuUQQWoZNdJK,255893,FALSE,5,0PZ7lAru5FDFHuirTkWe9Z,folklore: the long pond studio sessions (from the Disney+ special) [deluxe edition],2020-11-25,34,album,Taylor Swift,06HL4z0CvFAxyc27GXpf02,0.456,0.265,-10.663,0.0328,0.814,0,0.0679,0.112
mirrorball,5jQyGzcwqAxwT5QUIMivoX,208973,FALSE,6,0PZ7lAru5FDFHuirTkWe9Z,folklore: the long pond studio sessions (from the Disney+ special) [deluxe edition],2020-11-25,34,album,Taylor Swift,06HL4z0CvFAxyc27GXpf02,0.549,0.417,-10.064,0.035,0.686,0.0000019,0.0604,0.347
seven,2vJ7QvyCiR4DaHxwO58izA,208906,FALSE,7,0PZ7lAru5FDFHuirTkWe9Z,folklore: the long pond studio sessions (from the Disney+ special) [deluxe edition],2020-11-25,34,album,Taylor Swift,06HL4z0CvFAxyc27GXpf02,0.602,0.494,-10.813,0.0277,0.888,0.0000259,0.0902,0.374
august,1UHoF9p75IVsvUt6WdTYhn,261920,FALSE,8,0PZ7lAru5FDFHuirTkWe9Z,folklore: the long pond studio sessions (from the Disney+ special) [deluxe edition],2020-11-25,34,album,Taylor Swift,06HL4z0CvFAxyc27GXpf02,0.387,0.634,-9.222,0.0363,0.553,0.0000693,0.0931,0.42
this is me trying,5DnDBYrfGoxdnomqEAkFIv,195106,FALSE,9,0PZ7lAru5FDFHuirTkWe9Z,folklore: the long pond studio sessions (from the Disney+ special) [deluxe edition],2020-11-25,34,album,Taylor Swift,06HL4z0CvFAxyc27GXpf02,0.511,0.478,-9.837,0.0322,0.312,0.000023,0.147,0.408
illicit affairs,7CVTowKpGPA2MsIbkTl2oc,190893,FALSE,10,0PZ7lAru5FDFHuirTkWe9Z,folklore: the long pond studio sessions (from the Disney+ special) [deluxe edition],2020-11-25,34,album,Taylor Swift,06HL4z0CvFAxyc27GXpf02,0.529,0.304,-10.567,0.0356,0.862,0,0.108,0.44
invisible string,4WHIqhrbdva5vQSrCuet3l,252880,FALSE,11,0PZ7lAru5FDFHuirTkWe9Z,folklore: the long pond studio sessions (from the Disney+ special) [deluxe edition],2020-11-25,34,album,Taylor Swift,06HL4z0CvFAxyc27GXpf02,0.651,0.459,-11.128,0.0507,0.859,0.0000663,0.105,0.454
mad woman,7klXN6RCN5Rj0VeYO5gBzU,237266,TRUE,12,0PZ7lAru5FDFHuirTkWe9Z,folklore: the long pond studio sessions (from the Disney+ special) [deluxe edition],2020-11-25,34,album,Taylor Swift,06HL4z0CvFAxyc27GXpf02,0.593,0.7,-9.016,0.0492,0.67,0.00000677,0.116,0.451
epiphany,5MFjHn1qfR9AsWuyzJLk1z,289746,FALSE,13,0PZ7lAru5FDFHuirTkWe9Z,folklore: the long pond studio sessions (from the Disney+ special) [deluxe edition],2020-11-25,34,album,Taylor Swift,06HL4z0CvFAxyc27GXpf02,0.317,0.254,-13.679,0.0286,0.727,0.000326,0.0867,0.103
betty,2jhfs6moEAK13eLM6xim4l,294520,TRUE,14,0PZ7lAru5FDFHuirTkWe9Z,folklore: the long pond studio sessions (from the Disney+ special) [deluxe edition],2020-11-25,34,album,Taylor Swift,06HL4z0CvFAxyc27GXpf02,0.595,0.376,-8.767,0.0256,0.589,0,0.0989,0.476
peace,0O9i6jhscByEJs1ipy5hu4,234000,TRUE,15,0PZ7lAru5FDFHuirTkWe9Z,folklore: the long pond studio sessions (from the Disney+ special) [deluxe edition],2020-11-25,34,album,Taylor Swift,06HL4z0CvFAxyc27GXpf02,0.644,0.284,-12.879,0.0821,0.916,0.000015,0.0909,0.328
hoax,4XCYmu7QLySdIahgBALKJK,220040,FALSE,16,0PZ7lAru5FDFHuirTkWe9Z,folklore: the long pond studio sessions (from the Disney+ special) [deluxe edition],2020-11-25,34,album,Taylor Swift,06HL4z0CvFAxyc27GXpf02,0.676,0.178,-15.01,0.0394,0.964,0.0000079,0.135,0.404
the lakes - bonus track,0zEprKYeuGOIZoHyu6O1E2,211813,FALSE,17,0PZ7lAru5FDFHuirTkWe9Z,folklore: the long pond studio sessions (from the Disney+ special) [deluxe edition],2020-11-25,34,album,Taylor Swift,06HL4z0CvFAxyc27GXpf02,0.313,0.258,-11.532,0.0383,0.842,0.0000013,0.0948,0.268
the 1 - the long pond studio sessions,08J4bMHbILkwSIhbtrcvjN,219893,TRUE,1,0PZ7lAru5FDFHuirTkWe9Z,folklore: the long pond studio sessions (from the Disney+ special) [deluxe edition],2020-11-25,34,album,Taylor Swift,06HL4z0CvFAxyc27GXpf02,0.708,0.25,-10.731,0.0361,0.898,0.026,0.102,0.156
cardigan - the long pond studio sessions,3EPgWM1zfTSzEc0z4AwWTM,230680,FALSE,2,0PZ7lAru5FDFHuirTkWe9Z,folklore: the long pond studio sessions (from the Disney+ special) [deluxe edition],2020-11-25,34,album,Taylor Swift,06HL4z0CvFAxyc27GXpf02,0.395,0.234,-9.704,0.0382,0.88,0,0.107,0.247
the last great american dynasty - the long pond studio sessions,28tIMaewZuGR8urkvFhQyA,232346,FALSE,3,0PZ7lAru5FDFHuirTkWe9Z,folklore: the long pond studio sessions (from the Disney+ special) [deluxe edition],2020-11-25,34,album,Taylor Swift,06HL4z0CvFAxyc27GXpf02,0.64,0.618,-11.715,0.0379,0.743,0.004,0.0574,0.614
exile (feat. Bon Iver) - the long pond studio sessions,7N015NTIWGjQDddHUdHPoO,279893,FALSE,4,0PZ7lAru5FDFHuirTkWe9Z,folklore: the long pond studio sessions (from the Disney+ special) [deluxe edition],2020-11-25,34,album,Taylor Swift,06HL4z0CvFAxyc27GXpf02,0.359,0.305,-10.295,0.0306,0.848,0.0000674,0.111,0.108
my tears ricochet - the long pond studio sessions,5mdNyCS7ttVcAyVYOIFEjs,295173,FALSE,5,0PZ7lAru5FDFHuirTkWe9Z,folklore: the long pond studio sessions (from the Disney+ special) [deluxe edition],2020-11-25,34,album,Taylor Swift,06HL4z0CvFAxyc27GXpf02,0.531,0.172,-12.34,0.0351,0.946,0.0000101,0.0615,0.168
mirrorball - the long pond studio sessions,2yceD2hx5HhOLgkm1CITCi,237373,FALSE,6,0PZ7lAru5FDFHuirTkWe9Z,folklore: the long pond studio sessions (from the Disney+ special) [deluxe edition],2020-11-25,34,album,Taylor Swift,06HL4z0CvFAxyc27GXpf02,0.509,0.386,-8.434,0.0272,0.78,0.0000345,0.118,0.109
seven - the long pond studio sessions,4cOWq0cVsKjxaQpRMbDoH1,208986,FALSE,7,0PZ7lAru5FDFHuirTkWe9Z,folklore: the long pond studio sessions (from the Disney+ special) [deluxe edition],2020-11-25,34,album,Taylor Swift,06HL4z0CvFAxyc27GXpf02,0.694,0.449,-11.49,0.0301,0.914,0.000126,0.1,0.363
august - the long pond studio sessions,4MGexoZc12lqE0hYkq9YYx,260000,FALSE,8,0PZ7lAru5FDFHuirTkWe9Z,folklore: the long pond studio sessions (from the Disney+ special) [deluxe edition],2020-11-25,34,album,Taylor Swift,06HL4z0CvFAxyc27GXpf02,0.554,0.663,-8.961,0.0324,0.5,0.0000477,0.791,0.545
this is me trying - the long pond studio sessions,1gaLZjPrDnHQWJds2Jg4KT,209293,FALSE,9,0PZ7lAru5FDFHuirTkWe9Z,folklore: the long pond studio sessions (from the Disney+ special) [deluxe edition],2020-11-25,34,album,Taylor Swift,06HL4z0CvFAxyc27GXpf02,0.435,0.332,-11.611,0.031,0.928,0.000898,0.0867,0.157
illicit affairs - the long pond studio sessions,560uQyz3p5G9WdnMX39xc6,183720,FALSE,10,0PZ7lAru5FDFHuirTkWe9Z,folklore: the long pond studio sessions (from the Disney+ special) [deluxe edition],2020-11-25,34,album,Taylor Swift,06HL4z0CvFAxyc27GXpf02,0.489,0.235,-10.274,0.0356,0.883,0,0.113,0.435
invisible string - the long pond studio sessions,5KByGq0JijSSDcy0qzuINs,257359,FALSE,11,0PZ7lAru5FDFHuirTkWe9Z,folklore: the long pond studio sessions (from the Disney+ special) [deluxe edition],2020-11-25,34,album,Taylor Swift,06HL4z0CvFAxyc27GXpf02,0.59,0.282,-10.542,0.0281,0.942,0.00000485,0.11,0.351
mad woman - the long pond studio sessions,04xrhDrQ2WOW8GLwu7kbc0,238333,TRUE,12,0PZ7lAru5FDFHuirTkWe9Z,folklore: the long pond studio sessions (from the Disney+ special) [deluxe edition],2020-11-25,34,album,Taylor Swift,06HL4z0CvFAxyc27GXpf02,0.663,0.465,-10.463,0.0408,0.887,0.000168,0.109,0.346
epiphany - the long pond studio sessions,4yyKppX85ZkmlGOC2toBZA,274880,FALSE,13,0PZ7lAru5FDFHuirTkWe9Z,folklore: the long pond studio sessions (from the Disney+ special) [deluxe edition],2020-11-25,34,album,Taylor Swift,06HL4z0CvFAxyc27GXpf02,0.524,0.2,-13.004,0.0274,0.916,0.000392,0.068,0.113
betty - the long pond studio sessions,1mh5dObNoOvCfHmXnhvDEK,290040,TRUE,14,0PZ7lAru5FDFHuirTkWe9Z,folklore: the long pond studio sessions (from the Disney+ special) [deluxe edition],2020-11-25,34,album,Taylor Swift,06HL4z0CvFAxyc27GXpf02,0.538,0.316,-9.5,0.0299,0.841,0,0.119,0.518
peace - the long pond studio sessions,4YHHz3VIXgNDGdoL9xC1tx,214373,TRUE,15,0PZ7lAru5FDFHuirTkWe9Z,folklore: the long pond studio sessions (from the Disney+ special) [deluxe edition],2020-11-25,34,album,Taylor Swift,06HL4z0CvFAxyc27GXpf02,0.619,0.344,-11.472,0.0647,0.93,0.0000761,0.0734,0.513
hoax - the long pond studio sessions,0QTBsdoJhamY3Aid3fOsOd,221800,FALSE,16,0PZ7lAru5FDFHuirTkWe9Z,folklore: the long pond studio sessions (from the Disney+ special) [deluxe edition],2020-11-25,34,album,Taylor Swift,06HL4z0CvFAxyc27GXpf02,0.682,0.155,-13.083,0.0394,0.962,0,0.18,0.483
the lakes - the long pond studio sessions,6mqyTq948oap5AkyTsd6XF,199733,FALSE,17,0PZ7lAru5FDFHuirTkWe9Z,folklore: the long pond studio sessions (from the Disney+ special) [deluxe edition],2020-11-25,34,album,Taylor Swift,06HL4z0CvFAxyc27GXpf02,0.606,0.221,-11.767,0.0468,0.794,0,0.0888,0.112
the 1,4pfrrhvplbJZAIsfosGWQP,210240,TRUE,1,1pzvBxYgT6OVwJLtHkrdQK,folklore (deluxe version),2020-08-18,17,album,Taylor Swift,06HL4z0CvFAxyc27GXpf02,0.78,0.361,-6.942,0.048,0.75,0.00000714,0.108,0.163
cardigan,0KRYCBwIpWYFNrXOmXbyUh,239560,FALSE,2,1pzvBxYgT6OVwJLtHkrdQK,folklore (deluxe version),2020-08-18,17,album,Taylor Swift,06HL4z0CvFAxyc27GXpf02,0.612,0.58,-8.572,0.0419,0.525,0.000414,0.26,0.534
the last great american dynasty,2olxzvoFI9IpxqFeUv7WOX,231000,TRUE,3,1pzvBxYgT6OVwJLtHkrdQK,folklore (deluxe version),2020-08-18,17,album,Taylor Swift,06HL4z0CvFAxyc27GXpf02,0.688,0.653,-8.558,0.0403,0.481,0.00414,0.106,0.701
exile (feat. Bon Iver),5S4aYQAJOwJMAamANWlICO,285640,FALSE,4,1pzvBxYgT6OVwJLtHkrdQK,folklore (deluxe version),2020-08-18,17,album,Taylor Swift,06HL4z0CvFAxyc27GXpf02,0.31,0.374,-8.464,0.0275,0.761,0.0000246,0.11,0.16
my tears ricochet,5P2bHCDM2tsgIaYWsZMhu5,255893,FALSE,5,1pzvBxYgT6OVwJLtHkrdQK,folklore (deluxe version),2020-08-18,17,album,Taylor Swift,06HL4z0CvFAxyc27GXpf02,0.456,0.265,-10.663,0.0328,0.814,0,0.0679,0.112
mirrorball,2I8YAEA1VmCuP1wkJHMpTw,208973,FALSE,6,1pzvBxYgT6OVwJLtHkrdQK,folklore (deluxe version),2020-08-18,17,album,Taylor Swift,06HL4z0CvFAxyc27GXpf02,0.549,0.417,-10.064,0.035,0.686,0.0000019,0.0604,0.347
seven,76mOLcXOjOEhyY4mMF1l3r,208906,FALSE,7,1pzvBxYgT6OVwJLtHkrdQK,folklore (deluxe version),2020-08-18,17,album,Taylor Swift,06HL4z0CvFAxyc27GXpf02,0.602,0.494,-10.813,0.0277,0.888,0.0000259,0.0902,0.374
august,6nK2pIKFcRc5frrZKHgsiT,261920,FALSE,8,1pzvBxYgT6OVwJLtHkrdQK,folklore (deluxe version),2020-08-18,17,album,Taylor Swift,06HL4z0CvFAxyc27GXpf02,0.387,0.634,-9.222,0.0363,0.553,0.0000693,0.0931,0.42
this is me trying,7cm50Lw03k6VvRauJtkyTj,195106,FALSE,9,1pzvBxYgT6OVwJLtHkrdQK,folklore (deluxe version),2020-08-18,17,album,Taylor Swift,06HL4z0CvFAxyc27GXpf02,0.511,0.478,-9.837,0.0322,0.312,0.000023,0.147,0.408
illicit affairs,6DrLROM5MG9bxWHeEG5elq,190893,FALSE,10,1pzvBxYgT6OVwJLtHkrdQK,folklore (deluxe version),2020-08-18,17,album,Taylor Swift,06HL4z0CvFAxyc27GXpf02,0.529,0.304,-10.567,0.0356,0.862,0,0.108,0.44
invisible string,2ehRU518I0hYqMGQnk4lDY,252880,FALSE,11,1pzvBxYgT6OVwJLtHkrdQK,folklore (deluxe version),2020-08-18,17,album,Taylor Swift,06HL4z0CvFAxyc27GXpf02,0.651,0.459,-11.128,0.0507,0.859,0.0000663,0.105,0.454
mad woman,0RP1kqoSPkVXsKiQNhMKzV,237266,TRUE,12,1pzvBxYgT6OVwJLtHkrdQK,folklore (deluxe version),2020-08-18,17,album,Taylor Swift,06HL4z0CvFAxyc27GXpf02,0.593,0.7,-9.016,0.0492,0.67,0.00000677,0.116,0.451
epiphany,1EXa37LpSvi3OQ9UYQ28rD,289746,FALSE,13,1pzvBxYgT6OVwJLtHkrdQK,folklore (deluxe version),2020-08-18,17,album,Taylor Swift,06HL4z0CvFAxyc27GXpf02,0.317,0.254,-13.679,0.0286,0.727,0.000326,0.0867,0.103
betty,3IhtE4fkytdrtEfV34UzkD,294520,TRUE,14,1pzvBxYgT6OVwJLtHkrdQK,folklore (deluxe version),2020-08-18,17,album,Taylor Swift,06HL4z0CvFAxyc27GXpf02,0.595,0.376,-8.767,0.0256,0.589,0,0.0989,0.476
peace,6JlI8Ay77m4nJvZTHvfT1J,234000,TRUE,15,1pzvBxYgT6OVwJLtHkrdQK,folklore (deluxe version),2020-08-18,17,album,Taylor Swift,06HL4z0CvFAxyc27GXpf02,0.644,0.284,-12.879,0.0821,0.916,0.000015,0.0909,0.328
hoax,0YeDG5HnKnG7jpArkzsSPa,220040,FALSE,16,1pzvBxYgT6OVwJLtHkrdQK,folklore (deluxe version),2020-08-18,17,album,Taylor Swift,06HL4z0CvFAxyc27GXpf02,0.676,0.178,-15.01,0.0394,0.964,0.0000079,0.135,0.404
the lakes - bonus track,0eFQWVz0qIxDOvhLpZ40P7,211813,FALSE,17,1pzvBxYgT6OVwJLtHkrdQK,folklore (deluxe version),2020-08-18,17,album,Taylor Swift,06HL4z0CvFAxyc27GXpf02,0.313,0.258,-11.532,0.0383,0.842,0.0000013,0.0948,0.268
the 1,0Jlcvv8IykzHaSmj49uNW8,210251,TRUE,1,2fenSS68JI1h4Fo296JfGr,folklore,2020-07-24,16,album,Taylor Swift,06HL4z0CvFAxyc27GXpf02,0.777,0.357,-6.942,0.0522,0.757,0.00000728,0.108,0.172
cardigan,4R2kfaDFhslZEMJqAFNpdd,239560,FALSE,2,2fenSS68JI1h4Fo296JfGr,folklore,2020-07-24,16,album,Taylor Swift,06HL4z0CvFAxyc27GXpf02,0.613,0.581,-8.588,0.0424,0.537,0.000345,0.25,0.551
the last great american dynasty,2Eeur20xVqfUoM3Q7EFPFt,230999,TRUE,3,2fenSS68JI1h4Fo296JfGr,folklore,2020-07-24,16,album,Taylor Swift,06HL4z0CvFAxyc27GXpf02,0.686,0.662,-8.505,0.0413,0.467,0.0023,0.109,0.706
exile (feat. Bon Iver),4pvb0WLRcMtbPGmtejJJ6y,285634,FALSE,4,2fenSS68JI1h4Fo296JfGr,folklore,2020-07-24,16,album,Taylor Swift,06HL4z0CvFAxyc27GXpf02,0.298,0.38,-8.426,0.0287,0.778,0.0000562,0.11,0.152
my tears ricochet,1MgV7FIyNxIG7WzMRJV5HC,255893,FALSE,5,2fenSS68JI1h4Fo296JfGr,folklore,2020-07-24,16,album,Taylor Swift,06HL4z0CvFAxyc27GXpf02,0.469,0.263,-10.63,0.0329,0.806,0,0.0749,0.112
mirrorball,0ZNU020wNYvgW84iljPkPP,208977,FALSE,6,2fenSS68JI1h4Fo296JfGr,folklore,2020-07-24,16,album,Taylor Swift,06HL4z0CvFAxyc27GXpf02,0.553,0.413,-10.037,0.0334,0.687,0.00000233,0.0594,0.379
seven,6KJqZcs9XDgVck7Lg9QOTC,208906,FALSE,7,2fenSS68JI1h4Fo296JfGr,folklore,2020-07-24,16,album,Taylor Swift,06HL4z0CvFAxyc27GXpf02,0.596,0.488,-10.769,0.0274,0.9,0.000027,0.091,0.415
august,3hUxzQpSfdDqwM3ZTFQY0K,261922,FALSE,8,2fenSS68JI1h4Fo296JfGr,folklore,2020-07-24,16,album,Taylor Swift,06HL4z0CvFAxyc27GXpf02,0.532,0.623,-9.208,0.0331,0.538,0.0000728,0.0925,0.403
this is me trying,7kt9e9LFSpN1zQtYEl19o1,195097,FALSE,9,2fenSS68JI1h4Fo296JfGr,folklore,2020-07-24,16,album,Taylor Swift,06HL4z0CvFAxyc27GXpf02,0.515,0.476,-9.843,0.0328,0.314,0.0000474,0.171,0.412
illicit affairs,2NmsngXHeC1GQ9wWrzhOMf,190898,FALSE,10,2fenSS68JI1h4Fo296JfGr,folklore,2020-07-24,16,album,Taylor Swift,06HL4z0CvFAxyc27GXpf02,0.559,0.31,-10.445,0.0338,0.881,0,0.106,0.46
invisible string,6VsvKPJ4xjVNKpI8VVZ3SV,252880,FALSE,11,2fenSS68JI1h4Fo296JfGr,folklore,2020-07-24,16,album,Taylor Swift,06HL4z0CvFAxyc27GXpf02,0.653,0.452,-11.143,0.055,0.838,0.0000773,0.108,0.45
mad woman,2QDyYdZyhlP2fp79KZX8Bi,237258,TRUE,12,2fenSS68JI1h4Fo296JfGr,folklore,2020-07-24,16,album,Taylor Swift,06HL4z0CvFAxyc27GXpf02,0.592,0.699,-8.995,0.0471,0.655,0.0000168,0.114,0.506
epiphany,08fa9LFcFBTcilB3iq2e2A,289749,FALSE,13,2fenSS68JI1h4Fo296JfGr,folklore,2020-07-24,16,album,Taylor Swift,06HL4z0CvFAxyc27GXpf02,0.175,0.267,-13.69,0.0302,0.731,0.000402,0.0858,0.106
betty,5kI4eCXXzyuIUXjQra0Cxi,294521,TRUE,14,2fenSS68JI1h4Fo296JfGr,folklore,2020-07-24,16,album,Taylor Swift,06HL4z0CvFAxyc27GXpf02,0.593,0.377,-8.761,0.0253,0.6,0,0.0976,0.502
peace,7MbT4I8qGntX4fMdqMQgke,234000,TRUE,15,2fenSS68JI1h4Fo296JfGr,folklore,2020-07-24,16,album,Taylor Swift,06HL4z0CvFAxyc27GXpf02,0.647,0.272,-12.906,0.0916,0.918,0.0000173,0.0918,0.339
hoax,6MWoRt97mnSTXZhu3ggi9C,220042,FALSE,16,2fenSS68JI1h4Fo296JfGr,folklore,2020-07-24,16,album,Taylor Swift,06HL4z0CvFAxyc27GXpf02,0.662,0.181,-15.065,0.0415,0.966,0.00000386,0.133,0.429
I Forgot That You Existed,43rA71bccXFGD4C8GOpIlN,170640,FALSE,1,1NAmidJlEaVgA3MpcPFYGq,Lover,2019-08-23,18,album,Taylor Swift,06HL4z0CvFAxyc27GXpf02,0.664,0.316,-10.345,0.519,0.298,0.00000203,0.0812,0.541
Cruel Summer,1BxfuPKGuaTgP7aM0Bbdwr,178426,FALSE,2,1NAmidJlEaVgA3MpcPFYGq,Lover,2019-08-23,18,album,Taylor Swift,06HL4z0CvFAxyc27GXpf02,0.552,0.702,-5.707,0.157,0.117,0.0000206,0.105,0.564
Lover,1dGr1c8CrMLDpV6mPbImSI,221306,FALSE,3,1NAmidJlEaVgA3MpcPFYGq,Lover,2019-08-23,18,album,Taylor Swift,06HL4z0CvFAxyc27GXpf02,0.359,0.543,-7.582,0.0919,0.492,0.0000158,0.118,0.453
The Man,3RauEVgRgj1IuWdJ9fDs70,190360,FALSE,4,1NAmidJlEaVgA3MpcPFYGq,Lover,2019-08-23,18,album,Taylor Swift,06HL4z0CvFAxyc27GXpf02,0.777,0.658,-5.191,0.054,0.0767,0,0.0901,0.633
The Archer,3pHkh7d0lzM2AldUtz2x37,211240,FALSE,5,1NAmidJlEaVgA3MpcPFYGq,Lover,2019-08-23,18,album,Taylor Swift,06HL4z0CvFAxyc27GXpf02,0.292,0.574,-9.375,0.0401,0.12,0.00569,0.0663,0.166
I Think He Knows,2YWtcWi3a83pdEg3Gif4Pd,173386,FALSE,6,1NAmidJlEaVgA3MpcPFYGq,Lover,2019-08-23,18,album,Taylor Swift,06HL4z0CvFAxyc27GXpf02,0.897,0.366,-8.029,0.0569,0.00889,0.000353,0.0715,0.416
Miss Americana & The Heartbreak Prince,214nt20w5wOxJnY462klLw,234146,FALSE,7,1NAmidJlEaVgA3MpcPFYGq,Lover,2019-08-23,18,album,Taylor Swift,06HL4z0CvFAxyc27GXpf02,0.662,0.747,-6.926,0.0736,0.028,0.00615,0.138,0.487
Paper Rings,4y5bvROuBDPr5fuwXbIBZR,222400,FALSE,8,1NAmidJlEaVgA3MpcPFYGq,Lover,2019-08-23,18,album,Taylor Swift,06HL4z0CvFAxyc27GXpf02,0.811,0.719,-6.553,0.0497,0.0129,0.0000136,0.0742,0.865
Cornelia Street,12M5uqx0ZuwkpLp5rJim1a,287266,FALSE,9,1NAmidJlEaVgA3MpcPFYGq,Lover,2019-08-23,18,album,Taylor Swift,06HL4z0CvFAxyc27GXpf02,0.824,0.624,-9.728,0.0827,0.781,0.000189,0.1,0.248
Death By A Thousand Cuts,2dgFqt3w9xIQRjhPtwNk3D,198533,FALSE,10,1NAmidJlEaVgA3MpcPFYGq,Lover,2019-08-23,18,album,Taylor Swift,06HL4z0CvFAxyc27GXpf02,0.712,0.732,-6.754,0.0629,0.454,0,0.319,0.313
London Boy,1LLXZFeAHK9R4xUramtUKw,190240,FALSE,11,1NAmidJlEaVgA3MpcPFYGq,Lover,2019-08-23,18,album,Taylor Swift,06HL4z0CvFAxyc27GXpf02,0.695,0.71,-6.639,0.05,0.0246,0.000104,0.133,0.557
Soon You’ll Get Better (feat. The Chicks),4AYtqFyFbX0Xkc2wtcygTr,201586,FALSE,12,1NAmidJlEaVgA3MpcPFYGq,Lover,2019-08-23,18,album,Taylor Swift,06HL4z0CvFAxyc27GXpf02,0.433,0.182,-12.566,0.0641,0.907,0,0.123,0.421
False God,5hQSXkFgbxjZo9uCwd11so,200306,FALSE,13,1NAmidJlEaVgA3MpcPFYGq,Lover,2019-08-23,18,album,Taylor Swift,06HL4z0CvFAxyc27GXpf02,0.739,0.32,-10.862,0.239,0.736,0.000147,0.111,0.351
You Need To Calm Down,6RRNNciQGZEXnqk8SQ9yv5,171360,FALSE,14,1NAmidJlEaVgA3MpcPFYGq,Lover,2019-08-23,18,album,Taylor Swift,06HL4z0CvFAxyc27GXpf02,0.771,0.671,-5.617,0.0553,0.00929,0,0.0637,0.714
Afterglow,1SymEzIT3H8UZfibCs3TYi,223293,FALSE,15,1NAmidJlEaVgA3MpcPFYGq,Lover,2019-08-23,18,album,Taylor Swift,06HL4z0CvFAxyc27GXpf02,0.756,0.449,-8.746,0.0344,0.13,0,0.114,0.399
ME! (feat. Brendon Urie of Panic! At The Disco),2Rk4JlNc2TPmZe2af99d45,193000,FALSE,16,1NAmidJlEaVgA3MpcPFYGq,Lover,2019-08-23,18,album,Taylor Swift,06HL4z0CvFAxyc27GXpf02,0.61,0.83,-4.105,0.0571,0.033,0,0.118,0.728
It’s Nice To Have A Friend,1SmiQ65iSAbPto6gPFlBYm,150440,FALSE,17,1NAmidJlEaVgA3MpcPFYGq,Lover,2019-08-23,18,album,Taylor Swift,06HL4z0CvFAxyc27GXpf02,0.737,0.175,-9.912,0.0401,0.971,0.000337,0.171,0.545
Daylight,1fzAuUVbzlhZ1lJAx9PtY6,293453,FALSE,18,1NAmidJlEaVgA3MpcPFYGq,Lover,2019-08-23,18,album,Taylor Swift,06HL4z0CvFAxyc27GXpf02,0.557,0.496,-9.602,0.0563,0.808,0.000173,0.0772,0.265
...Ready For It?,2yLa0QULdQr0qAIvVwN6B5,208186,FALSE,1,6DEjYFkNZh67HP7R9PSZvv,reputation,2017-11-10,15,album,Taylor Swift,06HL4z0CvFAxyc27GXpf02,0.613,0.764,-6.509,0.136,0.0527,0,0.197,0.417
End Game,2x0WlnmfG39ZuDmstl9xfX,244826,FALSE,2,6DEjYFkNZh67HP7R9PSZvv,reputation,2017-11-10,15,album,Taylor Swift,06HL4z0CvFAxyc27GXpf02,0.649,0.589,-6.237,0.0558,0.00845,0,0.108,0.151
I Did Something Bad,4svZDCRz4cJoneBpjpx8DJ,238253,FALSE,3,6DEjYFkNZh67HP7R9PSZvv,reputation,2017-11-10,15,album,Taylor Swift,06HL4z0CvFAxyc27GXpf02,0.696,0.602,-6.156,0.159,0.0679,0.0000211,0.0696,0.305
Don’t Blame Me,1R0a2iXumgCiFb7HEZ7gUE,236413,FALSE,4,6DEjYFkNZh67HP7R9PSZvv,reputation,2017-11-10,15,album,Taylor Swift,06HL4z0CvFAxyc27GXpf02,0.615,0.534,-6.719,0.0386,0.106,0.0000176,0.0607,0.193
Delicate,6NFyWDv5CjfwuzoCkw47Xf,232253,FALSE,5,6DEjYFkNZh67HP7R9PSZvv,reputation,2017-11-10,15,album,Taylor Swift,06HL4z0CvFAxyc27GXpf02,0.75,0.404,-10.178,0.0682,0.216,0.000357,0.0911,0.0499
Look What You Made Me Do,1P17dC1amhFzptugyAO7Il,211853,FALSE,6,6DEjYFkNZh67HP7R9PSZvv,reputation,2017-11-10,15,album,Taylor Swift,06HL4z0CvFAxyc27GXpf02,0.766,0.709,-6.471,0.123,0.204,0.0000141,0.126,0.506
So It Goes...,5PxFv9yJEg9dxvbZggykro,227906,FALSE,7,6DEjYFkNZh67HP7R9PSZvv,reputation,2017-11-10,15,album,Taylor Swift,06HL4z0CvFAxyc27GXpf02,0.574,0.61,-7.283,0.0732,0.122,0.0000011,0.13,0.374
Gorgeous,1ZY1PqizIl78geGM4xWlEA,209680,FALSE,8,6DEjYFkNZh67HP7R9PSZvv,reputation,2017-11-10,15,album,Taylor Swift,06HL4z0CvFAxyc27GXpf02,0.8,0.535,-6.684,0.135,0.0713,0.00000948,0.213,0.451
Getaway Car,0VE4kBnHJUgtMf0dy6DRmW,233626,FALSE,9,6DEjYFkNZh67HP7R9PSZvv,reputation,2017-11-10,15,album,Taylor Swift,06HL4z0CvFAxyc27GXpf02,0.562,0.689,-6.745,0.127,0.00465,0.00000223,0.0888,0.351
King Of My Heart,7HuBDWi18s4aJM8UFnNheH,214320,FALSE,10,6DEjYFkNZh67HP7R9PSZvv,reputation,2017-11-10,15,album,Taylor Swift,06HL4z0CvFAxyc27GXpf02,0.675,0.703,-7.902,0.0382,0.00882,0.00000221,0.0391,0.314
Dancing With Our Hands Tied,7I7JbDv63ZJJsSi24DyJrz,211506,FALSE,11,6DEjYFkNZh67HP7R9PSZvv,reputation,2017-11-10,15,album,Taylor Swift,06HL4z0CvFAxyc27GXpf02,0.624,0.691,-6.686,0.196,0.0604,0.000011,0.138,0.284
Dress,6oVxXO5oQ4pTpO8RSnkzvv,230373,FALSE,12,6DEjYFkNZh67HP7R9PSZvv,reputation,2017-11-10,15,album,Taylor Swift,06HL4z0CvFAxyc27GXpf02,0.719,0.469,-8.792,0.0533,0.0329,0,0.169,0.0851
This Is Why We Can't Have Nice Things,07NxDD1iKCHbAldceD7QLP,207133,FALSE,13,6DEjYFkNZh67HP7R9PSZvv,reputation,2017-11-10,15,album,Taylor Swift,06HL4z0CvFAxyc27GXpf02,0.567,0.789,-5.986,0.115,0.0156,0,0.382,0.438
Call It What You Want,1GwMQaZz6Au3QLDbjbMdme,203506,FALSE,14,6DEjYFkNZh67HP7R9PSZvv,reputation,2017-11-10,15,album,Taylor Swift,06HL4z0CvFAxyc27GXpf02,0.598,0.504,-9.874,0.0731,0.186,0.000221,0.34,0.252
New Year’s Day,7F5oktn5YOsR9eR5YsFtqb,235466,FALSE,15,6DEjYFkNZh67HP7R9PSZvv,reputation,2017-11-10,15,album,Taylor Swift,06HL4z0CvFAxyc27GXpf02,0.661,0.151,-12.864,0.0354,0.921,0,0.13,0.23
All Too Well,00vJzaoxM3Eja1doBUhX0P,329160,FALSE,1,1MPAXuTVL2Ej5x0JHiSPq8,reputation Stadium Tour Surprise Song Playlist,2017-11-09,46,album,Taylor Swift,06HL4z0CvFAxyc27GXpf02,0.463,0.605,-7.803,0.0293,0.0448,0.000334,0.128,0.317
Wildest Dreams,22C0JIVhFaczZ4t9heqREN,220440,FALSE,2,1MPAXuTVL2Ej5x0JHiSPq8,reputation Stadium Tour Surprise Song Playlist,2017-11-09,46,album,Taylor Swift,06HL4z0CvFAxyc27GXpf02,0.55,0.688,-7.416,0.0904,0.0703,0.00138,0.106,0.461
The Best Day,7APTsjmZbj7TFXQJAiRti4,246306,FALSE,3,1MPAXuTVL2Ej5x0JHiSPq8,reputation Stadium Tour Surprise Song Playlist,2017-11-09,46,album,Taylor Swift,06HL4z0CvFAxyc27GXpf02,0.668,0.448,-8.567,0.0285,0.638,0.0000041,0.158,0.386
Red,4V9NuhKQcUFt4cgbynHV79,223093,FALSE,4,1MPAXuTVL2Ej5x0JHiSPq8,reputation Stadium Tour Surprise Song Playlist,2017-11-09,46,album,Taylor Swift,06HL4z0CvFAxyc27GXpf02,0.605,0.899,-4.273,0.0423,0.0779,0.000124,0.0911,0.647
Holy Ground,4hCZk6WJBFQeG3P7WsyntI,202960,FALSE,5,1MPAXuTVL2Ej5x0JHiSPq8,reputation Stadium Tour Surprise Song Playlist,2017-11-09,46,album,Taylor Swift,06HL4z0CvFAxyc27GXpf02,0.627,0.816,-6.698,0.0774,0.0159,0.0022,0.0965,0.648
Teardrops On My Guitar - Radio Single Remix,7eGeUVeCEvEQrivmjl9Qn3,204706,FALSE,6,1MPAXuTVL2Ej5x0JHiSPq8,reputation Stadium Tour Surprise Song Playlist,2017-11-09,46,album,Taylor Swift,06HL4z0CvFAxyc27GXpf02,0.626,0.427,-6.993,0.0234,0.315,0,0.138,0.265
Our Song,7qGr3rjRhndRIpFUA5f2HJ,203440,FALSE,7,1MPAXuTVL2Ej5x0JHiSPq8,reputation Stadium Tour Surprise Song Playlist,2017-11-09,46,album,Taylor Swift,06HL4z0CvFAxyc27GXpf02,0.545,0.663,-5.05,0.0363,0.114,0,0.321,0.565
22,2P5gfMtCcKP0CkmgqFMyPg,232120,FALSE,8,1MPAXuTVL2Ej5x0JHiSPq8,reputation Stadium Tour Surprise Song Playlist,2017-11-09,46,album,Taylor Swift,06HL4z0CvFAxyc27GXpf02,0.66,0.732,-6.565,0.0379,0.00254,0.00146,0.0473,0.677
I Knew You Were Trouble.,2o2IVjuqRkR9hJxtPjtAP0,219720,FALSE,9,1MPAXuTVL2Ej5x0JHiSPq8,reputation Stadium Tour Surprise Song Playlist,2017-11-09,46,album,Taylor Swift,06HL4z0CvFAxyc27GXpf02,0.536,0.464,-6.761,0.0412,0.00476,0.00000274,0.0358,0.666
I Don’t Wanna Live Forever (Fifty Shades Darker),55n9yjI6qqXh5F2mYvUc2y,247160,FALSE,10,1MPAXuTVL2Ej5x0JHiSPq8,reputation Stadium Tour Surprise Song Playlist,2017-11-09,46,album,Taylor Swift,06HL4z0CvFAxyc27GXpf02,0.73,0.444,-8.418,0.0538,0.059,0.000018,0.14,0.106
Mean,5rcHBt2aNcGFWW0jaAUe1L,238693,FALSE,11,1MPAXuTVL2Ej5x0JHiSPq8,reputation Stadium Tour Surprise Song Playlist,2017-11-09,46,album,Taylor Swift,06HL4z0CvFAxyc27GXpf02,0.576,0.755,-3.982,0.0427,0.449,0,0.223,0.791
How You Get The Girl,3aSYZ4upQ6OSNos26YeVWL,247533,FALSE,12,1MPAXuTVL2Ej5x0JHiSPq8,reputation Stadium Tour Surprise Song Playlist,2017-11-09,46,album,Taylor Swift,06HL4z0CvFAxyc27GXpf02,0.764,0.657,-6.112,0.0503,0.00363,0.00899,0.0918,0.546
So It Goes...,41T04yafZVrjNq2FqvLtId,227906,FALSE,13,1MPAXuTVL2Ej5x0JHiSPq8,reputation Stadium Tour Surprise Song Playlist,2017-11-09,46,album,Taylor Swift,06HL4z0CvFAxyc27GXpf02,0.578,0.61,-7.283,0.0676,0.122,0.0000011,0.13,0.371
Fifteen,0H2UD0LfSCiRr59YMGlCuS,295320,FALSE,14,1MPAXuTVL2Ej5x0JHiSPq8,reputation Stadium Tour Surprise Song Playlist,2017-11-09,46,album,Taylor Swift,06HL4z0CvFAxyc27GXpf02,0.549,0.63,-4.436,0.027,0.07,0,0.138,0.217
Mine,6FmJKLpyCt42nP2IOVEVc2,231866,FALSE,15,1MPAXuTVL2Ej5x0JHiSPq8,reputation Stadium Tour Surprise Song Playlist,2017-11-09,46,album,Taylor Swift,06HL4z0CvFAxyc27GXpf02,0.622,0.781,-2.945,0.0302,0.00311,0.0000031,0.187,0.662
Sparks Fly,5h2sBwpUSAndjObfU3ti2r,262920,FALSE,16,1MPAXuTVL2Ej5x0JHiSPq8,reputation Stadium Tour Surprise Song Playlist,2017-11-09,46,album,Taylor Swift,06HL4z0CvFAxyc27GXpf02,0.61,0.782,-2.98,0.0309,0.041,0,0.16,0.399
State Of Grace,0YRGTdfmJPALpglAaraYUr,295720,FALSE,17,1MPAXuTVL2Ej5x0JHiSPq8,reputation Stadium Tour Surprise Song Playlist,2017-11-09,46,album,Taylor Swift,06HL4z0CvFAxyc27GXpf02,0.591,0.828,-5.895,0.0333,0.000182,0.00115,0.0879,0.383
Haunted,6CB7DczrX9ZJB9Wkjegmaq,245413,FALSE,18,1MPAXuTVL2Ej5x0JHiSPq8,reputation Stadium Tour Surprise Song Playlist,2017-11-09,46,album,Taylor Swift,06HL4z0CvFAxyc27GXpf02,0.43,0.948,-2.622,0.0605,0.0655,0,0.0612,0.371
Never Grow Up,1UPDfqsVIZLEiZeMuUsni2,292920,FALSE,19,1MPAXuTVL2Ej5x0JHiSPq8,reputation Stadium Tour Surprise Song Playlist,2017-11-09,46,album,Taylor Swift,06HL4z0CvFAxyc27GXpf02,0.714,0.309,-8.828,0.0302,0.824,0,0.136,0.546
Treacherous,0r3U7SOcoj4DIEyN44Lt5z,242760,FALSE,20,1MPAXuTVL2Ej5x0JHiSPq8,reputation Stadium Tour Surprise Song Playlist,2017-11-09,46,album,Taylor Swift,06HL4z0CvFAxyc27GXpf02,0.704,0.621,-8.086,0.0334,0.101,0.0000043,0.14,0.395
Babe,40PXEOFLJc7UIpLMrhSfW1,215106,FALSE,21,1MPAXuTVL2Ej5x0JHiSPq8,reputation Stadium Tour Surprise Song Playlist,2017-11-09,46,album,Taylor Swift,06HL4z0CvFAxyc27GXpf02,0.577,0.785,-3.266,0.102,0.0221,0,0.125,0.647
Welcome To New York,3YLA3NgzFRRa7LiHMtFPby,212600,FALSE,22,1MPAXuTVL2Ej5x0JHiSPq8,reputation Stadium Tour Surprise Song Playlist,2017-11-09,46,album,Taylor Swift,06HL4z0CvFAxyc27GXpf02,0.789,0.634,-4.762,0.0323,0.0348,0.00000169,0.302,0.658
Fearless,43sE2O3skbGBpT2tO6fzv9,242973,FALSE,23,1MPAXuTVL2Ej5x0JHiSPq8,reputation Stadium Tour Surprise Song Playlist,2017-11-09,46,album,Taylor Swift,06HL4z0CvFAxyc27GXpf02,0.603,0.717,-4.401,0.0272,0.0381,0,0.307,0.429
Enchanted,5lg33MHs1BoUtJVClw8ZpI,353253,FALSE,24,1MPAXuTVL2Ej5x0JHiSPq8,reputation Stadium Tour Surprise Song Playlist,2017-11-09,46,album,Taylor Swift,06HL4z0CvFAxyc27GXpf02,0.536,0.629,-3.907,0.0275,0.0707,0.00117,0.158,0.222
Change,5PSOWHll3h3Vy226xSJk0M,281053,FALSE,25,1MPAXuTVL2Ej5x0JHiSPq8,reputation Stadium Tour Surprise Song Playlist,2017-11-09,46,album,Taylor Swift,06HL4z0CvFAxyc27GXpf02,0.543,0.764,-4.206,0.0377,0.00418,0,0.111,0.233
Ours,0V3SNHDka1JSCP71HAzpxw,239346,FALSE,26,1MPAXuTVL2Ej5x0JHiSPq8,reputation Stadium Tour Surprise Song Playlist,2017-11-09,46,album,Taylor Swift,06HL4z0CvFAxyc27GXpf02,0.609,0.56,-7.392,0.0279,0.469,0,0.087,0.228
Out Of The Woods,0GmfiNHSgkKamYgQEMYOH3,235800,FALSE,27,1MPAXuTVL2Ej5x0JHiSPq8,reputation Stadium Tour Surprise Song Playlist,2017-11-09,46,album,Taylor Swift,06HL4z0CvFAxyc27GXpf02,0.553,0.841,-6.937,0.0397,0.000743,0.0000107,0.341,0.339
Come Back...Be Here,5hiqtrACtMJkNpaNHj0n9Z,223920,FALSE,28,1MPAXuTVL2Ej5x0JHiSPq8,reputation Stadium Tour Surprise Song Playlist,2017-11-09,46,album,Taylor Swift,06HL4z0CvFAxyc27GXpf02,0.486,0.548,-6.291,0.0256,0.00471,0.00000206,0.0997,0.22
A Place in this World,2RSYYe7LhKFxIi50T5XtUo,202080,FALSE,29,1MPAXuTVL2Ej5x0JHiSPq8,reputation Stadium Tour Surprise Song Playlist,2017-11-09,46,album,Taylor Swift,06HL4z0CvFAxyc27GXpf02,0.573,0.767,-2.929,0.0323,0.0576,0,0.327,0.438
This Love,64KRxmbqypPBlya4nxFmDn,250093,FALSE,30,1MPAXuTVL2Ej5x0JHiSPq8,reputation Stadium Tour Surprise Song Playlist,2017-11-09,46,album,Taylor Swift,06HL4z0CvFAxyc27GXpf02,0.48,0.435,-8.795,0.0319,0.679,0,0.0928,0.108
The Lucky One,24ksPWXKg1k7OOG57pufED,240266,FALSE,31,1MPAXuTVL2Ej5x0JHiSPq8,reputation Stadium Tour Surprise Song Playlist,2017-11-09,46,album,Taylor Swift,06HL4z0CvFAxyc27GXpf02,0.706,0.505,-7.639,0.0358,0.0352,0,0.13,0.561
Invisible,0kqC185OTcnuhbz4T7g5RB,205853,FALSE,32,1MPAXuTVL2Ej5x0JHiSPq8,reputation Stadium Tour Surprise Song Playlist,2017-11-09,46,album,Taylor Swift,06HL4z0CvFAxyc27GXpf02,0.608,0.384,-5.732,0.0246,0.56,0,0.165,0.217
Breathe,3oxgFdIlxFEDEJqn7k5TVN,264946,FALSE,33,1MPAXuTVL2Ej5x0JHiSPq8,reputation Stadium Tour Surprise Song Playlist,2017-11-09,46,album,Taylor Swift,06HL4z0CvFAxyc27GXpf02,0.442,0.48,-7.405,0.0281,0.416,0,0.129,0.167
Better Man,3EXetjrGgwIjDRNn6YA8sa,263613,FALSE,34,1MPAXuTVL2Ej5x0JHiSPq8,reputation Stadium Tour Surprise Song Playlist,2017-11-09,46,album,Taylor Swift,06HL4z0CvFAxyc27GXpf02,0.503,0.844,-3.648,0.0379,0.121,0,0.0974,0.508
Jump Then Fall,5zytSTR2g0I9psX2Z12ex6,238093,FALSE,35,1MPAXuTVL2Ej5x0JHiSPq8,reputation Stadium Tour Surprise Song Playlist,2017-11-09,46,album,Taylor Swift,06HL4z0CvFAxyc27GXpf02,0.617,0.699,-5.712,0.0271,0.113,0,0.074,0.827
Begin Again,2G679wnKfyhUOeNx910OXg,239426,FALSE,36,1MPAXuTVL2Ej5x0JHiSPq8,reputation Stadium Tour Surprise Song Playlist,2017-11-09,46,album,Taylor Swift,06HL4z0CvFAxyc27GXpf02,0.516,0.526,-8.349,0.0269,0.197,0.00000349,0.14,0.312
Tied Together with a Smile,4qNEi8zGIYLiMtoW8OaJdx,251213,FALSE,37,1MPAXuTVL2Ej5x0JHiSPq8,reputation Stadium Tour Surprise Song Playlist,2017-11-09,46,album,Taylor Swift,06HL4z0CvFAxyc27GXpf02,0.478,0.547,-4.948,0.0275,0.523,0,0.0728,0.238
The Story Of Us,2fF3QzbGCrtrDXIdWcg1mv,267653,FALSE,38,1MPAXuTVL2Ej5x0JHiSPq8,reputation Stadium Tour Surprise Song Playlist,2017-11-09,46,album,Taylor Swift,06HL4z0CvFAxyc27GXpf02,0.547,0.807,-3.63,0.0398,0.00556,0.000318,0.0588,0.645
Forever & Always,0QCS4NpURHvWdF1icdkfBw,226293,FALSE,39,1MPAXuTVL2Ej5x0JHiSPq8,reputation Stadium Tour Surprise Song Playlist,2017-11-09,46,album,Taylor Swift,06HL4z0CvFAxyc27GXpf02,0.607,0.829,-5.02,0.0587,0.0805,0,0.207,0.521
Hey Stephen,0TYJbIHBtmWy9ugtU9BcbE,256040,FALSE,40,1MPAXuTVL2Ej5x0JHiSPq8,reputation Stadium Tour Surprise Song Playlist,2017-11-09,46,album,Taylor Swift,06HL4z0CvFAxyc27GXpf02,0.843,0.541,-7.361,0.0318,0.191,0.00000193,0.108,0.839
Speak Now,1XLc4irbX7oQSneh6gWv3O,243346,FALSE,41,1MPAXuTVL2Ej5x0JHiSPq8,reputation Stadium Tour Surprise Song Playlist,2017-11-09,46,album,Taylor Swift,06HL4z0CvFAxyc27GXpf02,0.712,0.603,-3.753,0.0304,0.0991,0,0.102,0.714
Wonderland,0eTCaVOYLpJlSkbEi2jay4,245560,FALSE,42,1MPAXuTVL2Ej5x0JHiSPq8,reputation Stadium Tour Surprise Song Playlist,2017-11-09,46,album,Taylor Swift,06HL4z0CvFAxyc27GXpf02,0.422,0.692,-5.447,0.0549,0.0493,0.0000257,0.177,0.197
White Horse,4RMfSYDFkcz0bKoK8fHDgR,235400,FALSE,43,1MPAXuTVL2Ej5x0JHiSPq8,reputation Stadium Tour Surprise Song Playlist,2017-11-09,46,album,Taylor Swift,06HL4z0CvFAxyc27GXpf02,0.578,0.348,-8.066,0.0257,0.311,0,0.1,0.218
I'm Only Me When I'm With You,6Py8IKZqDyU8aQVrjilbJw,215600,FALSE,44,1MPAXuTVL2Ej5x0JHiSPq8,reputation Stadium Tour Surprise Song Playlist,2017-11-09,46,album,Taylor Swift,06HL4z0CvFAxyc27GXpf02,0.556,0.933,-3.685,0.0719,0.00454,0.000462,0.101,0.521
Starlight,7txpzmA69zyk50K3ZyZSzC,220600,FALSE,45,1MPAXuTVL2Ej5x0JHiSPq8,reputation Stadium Tour Surprise Song Playlist,2017-11-09,46,album,Taylor Swift,06HL4z0CvFAxyc27GXpf02,0.649,0.779,-5.798,0.0391,0.0186,0.000474,0.234,0.617
I Know Places,3qGLcmO0XnnrcpAQGZwTvA,195706,FALSE,46,1MPAXuTVL2Ej5x0JHiSPq8,reputation Stadium Tour Surprise Song Playlist,2017-11-09,46,album,Taylor Swift,06HL4z0CvFAxyc27GXpf02,0.603,0.755,-4.991,0.0709,0.243,0,0.178,0.496
Welcome To New York,33Kq0AT5rvwyE4azisG08x,212600,FALSE,1,34OkZVpuzBa9y40DCy0LPR,1989 (Deluxe Edition),2014-10-27,19,album,Taylor Swift,06HL4z0CvFAxyc27GXpf02,0.789,0.634,-4.762,0.0323,0.0348,0.00000164,0.302,0.658
Blank Space,2sC2P3BN0IXujNaaSyDmtP,231826,FALSE,2,34OkZVpuzBa9y40DCy0LPR,1989 (Deluxe Edition),2014-10-27,19,album,Taylor Swift,06HL4z0CvFAxyc27GXpf02,0.76,0.703,-5.412,0.054,0.103,0,0.0913,0.57
Style,1fo2ctLqj3zBhRQKOXprol,231000,FALSE,3,34OkZVpuzBa9y40DCy0LPR,1989 (Deluxe Edition),2014-10-27,19,album,Taylor Swift,06HL4z0CvFAxyc27GXpf02,0.588,0.791,-5.595,0.0402,0.00245,0.00258,0.118,0.487
Out Of The Woods,6Nde5KuTXyB7jlPO4upaBo,235800,FALSE,4,34OkZVpuzBa9y40DCy0LPR,1989 (Deluxe Edition),2014-10-27,19,album,Taylor Swift,06HL4z0CvFAxyc27GXpf02,0.553,0.841,-6.937,0.0396,0.000743,0.0000119,0.341,0.338
All You Had To Do Was Stay,0lmMtDQ2ElasKU2qDAE6NN,193293,FALSE,5,34OkZVpuzBa9y40DCy0LPR,1989 (Deluxe Edition),2014-10-27,19,album,Taylor Swift,06HL4z0CvFAxyc27GXpf02,0.605,0.725,-5.729,0.0323,0.00201,0.0000202,0.101,0.539
Shake It Off,3fthfkkvy9av3q3uAGVf7U,219200,FALSE,6,34OkZVpuzBa9y40DCy0LPR,1989 (Deluxe Edition),2014-10-27,19,album,Taylor Swift,06HL4z0CvFAxyc27GXpf02,0.647,0.8,-5.384,0.165,0.0647,0,0.334,0.942
I Wish You Would,1B5VzXPqMlvRw0U4HJY3dJ,207440,FALSE,7,34OkZVpuzBa9y40DCy0LPR,1989 (Deluxe Edition),2014-10-27,19,album,Taylor Swift,06HL4z0CvFAxyc27GXpf02,0.653,0.893,-5.966,0.0538,0.0158,0.0000495,0.102,0.513
Bad Blood,0yN4fNzmVnmgC0dsOoi9Wh,211933,FALSE,8,34OkZVpuzBa9y40DCy0LPR,1989 (Deluxe Edition),2014-10-27,19,album,Taylor Swift,06HL4z0CvFAxyc27GXpf02,0.646,0.794,-6.104,0.19,0.0885,0.00000616,0.201,0.287
Wildest Dreams,106R7Z57WYzBAfrXImV30y,220440,FALSE,9,34OkZVpuzBa9y40DCy0LPR,1989 (Deluxe Edition),2014-10-27,19,album,Taylor Swift,06HL4z0CvFAxyc27GXpf02,0.55,0.688,-7.416,0.0897,0.0692,0.00144,0.106,0.465
How You Get The Girl,6wfugRLamFsTRbPcCpNnP7,247533,FALSE,10,34OkZVpuzBa9y40DCy0LPR,1989 (Deluxe Edition),2014-10-27,19,album,Taylor Swift,06HL4z0CvFAxyc27GXpf02,0.765,0.656,-6.112,0.0504,0.00364,0.00868,0.0918,0.545
This Love,1kTPQnabROVkW9bUXdCGrB,250093,FALSE,11,34OkZVpuzBa9y40DCy0LPR,1989 (Deluxe Edition),2014-10-27,19,album,Taylor Swift,06HL4z0CvFAxyc27GXpf02,0.481,0.435,-8.795,0.0321,0.678,0,0.0928,0.107
I Know Places,2zfgVd034GlUvk7LqBHl6u,195706,FALSE,12,34OkZVpuzBa9y40DCy0LPR,1989 (Deluxe Edition),2014-10-27,19,album,Taylor Swift,06HL4z0CvFAxyc27GXpf02,0.602,0.755,-4.991,0.071,0.245,0,0.178,0.495
Clean,4bXCcoesMt8u99xMsbLr9U,271000,FALSE,13,34OkZVpuzBa9y40DCy0LPR,1989 (Deluxe Edition),2014-10-27,19,album,Taylor Swift,06HL4z0CvFAxyc27GXpf02,0.815,0.377,-7.754,0.0346,0.232,0,0.1,0.211
Wonderland,6iWMI5oOhWrDbLbjmwTWFq,245560,FALSE,14,34OkZVpuzBa9y40DCy0LPR,1989 (Deluxe Edition),2014-10-27,19,album,Taylor Swift,06HL4z0CvFAxyc27GXpf02,0.422,0.692,-5.447,0.0549,0.0493,0.0000257,0.177,0.197
You Are In Love,4A2LfnduSTsE8u0ecYROxE,267106,FALSE,15,34OkZVpuzBa9y40DCy0LPR,1989 (Deluxe Edition),2014-10-27,19,album,Taylor Swift,06HL4z0CvFAxyc27GXpf02,0.474,0.48,-8.894,0.0622,0.707,0.000108,0.0903,0.319
New Romantics,6rZVy6FIG7lSJQMFXHo12z,230466,FALSE,16,34OkZVpuzBa9y40DCy0LPR,1989 (Deluxe Edition),2014-10-27,19,album,Taylor Swift,06HL4z0CvFAxyc27GXpf02,0.633,0.889,-5.87,0.0715,0.00463,0.000458,0.0658,0.584
I Know Places - Voice Memo,4JQm7ebhsrt10wmrP6AfXL,216333,FALSE,17,34OkZVpuzBa9y40DCy0LPR,1989 (Deluxe Edition),2014-10-27,19,album,Taylor Swift,06HL4z0CvFAxyc27GXpf02,0.592,0.128,-17.932,0.589,0.829,0,0.527,0.15
I Wish You Would - Voice Memo,4TtyvyI42C0KFnbDZvNC8Y,107133,FALSE,18,34OkZVpuzBa9y40DCy0LPR,1989 (Deluxe Edition),2014-10-27,19,album,Taylor Swift,06HL4z0CvFAxyc27GXpf02,0.781,0.357,-16.394,0.912,0.717,0,0.185,0.645
Blank Space - Voice Memo,0yisH8r0f3Mkq34kjzUlCV,131186,FALSE,19,34OkZVpuzBa9y40DCy0LPR,1989 (Deluxe Edition),2014-10-27,19,album,Taylor Swift,06HL4z0CvFAxyc27GXpf02,0.675,0.234,-15.064,0.721,0.801,0,0.657,0.578
Welcome To New York,6qnM0XXPZOINWA778uNqQ9,212600,FALSE,1,2QJmrSgbdM35R67eoGQo4j,1989,2014-10-27,13,album,Taylor Swift,06HL4z0CvFAxyc27GXpf02,0.793,0.634,-4.807,0.0324,0.038,0.00000176,0.304,0.615
Blank Space,1p80LdxRV74UKvL8gnD7ky,231826,FALSE,2,2QJmrSgbdM35R67eoGQo4j,1989,2014-10-27,13,album,Taylor Swift,06HL4z0CvFAxyc27GXpf02,0.753,0.678,-5.421,0.0644,0.085,0.00000164,0.13,0.583
Style,4lIxdJw6W3Fg4vUIYCB0S5,231000,FALSE,3,2QJmrSgbdM35R67eoGQo4j,1989,2014-10-27,13,album,Taylor Swift,06HL4z0CvFAxyc27GXpf02,0.598,0.786,-5.572,0.0383,0.00253,0.0016,0.117,0.456
Out Of The Woods,5OndtwLGA9O6XHFcGm2H7r,235800,FALSE,4,2QJmrSgbdM35R67eoGQo4j,1989,2014-10-27,13,album,Taylor Swift,06HL4z0CvFAxyc27GXpf02,0.552,0.842,-6.938,0.0373,0.00103,0.0000117,0.337,0.343
All You Had To Do Was Stay,0dAb8TY433dl3ZfXYCLE19,193293,FALSE,5,2QJmrSgbdM35R67eoGQo4j,1989,2014-10-27,13,album,Taylor Swift,06HL4z0CvFAxyc27GXpf02,0.602,0.736,-5.778,0.0338,0.00196,0.0000457,0.105,0.471
Shake It Off,5xTtaWoae3wi06K5WfVUUH,219200,FALSE,6,2QJmrSgbdM35R67eoGQo4j,1989,2014-10-27,13,album,Taylor Swift,06HL4z0CvFAxyc27GXpf02,0.647,0.785,-5.414,0.165,0.0561,0,0.148,0.943
I Wish You Would,3wmN11qXGL0HyPojvEE1D9,207440,FALSE,7,2QJmrSgbdM35R67eoGQo4j,1989,2014-10-27,13,album,Taylor Swift,06HL4z0CvFAxyc27GXpf02,0.648,0.898,-5.963,0.0513,0.016,0.0000991,0.109,0.502
Bad Blood,273dCMFseLcVsoSWx59IoE,211933,FALSE,8,2QJmrSgbdM35R67eoGQo4j,1989,2014-10-27,13,album,Taylor Swift,06HL4z0CvFAxyc27GXpf02,0.65,0.802,-6.114,0.181,0.0871,0.00000654,0.148,0.295
Wildest Dreams,59HjlYCeBsxdI0fcm3zglw,220440,FALSE,9,2QJmrSgbdM35R67eoGQo4j,1989,2014-10-27,13,album,Taylor Swift,06HL4z0CvFAxyc27GXpf02,0.554,0.666,-7.414,0.0747,0.0702,0.00593,0.106,0.472
How You Get The Girl,4dYUOfmWna6DFccnz732n8,247533,FALSE,10,2QJmrSgbdM35R67eoGQo4j,1989,2014-10-27,13,album,Taylor Swift,06HL4z0CvFAxyc27GXpf02,0.764,0.66,-6.136,0.0494,0.00461,0.00477,0.0915,0.524
This Love,3oKMl2tJv4fdidkXUYMI5x,250093,FALSE,11,2QJmrSgbdM35R67eoGQo4j,1989,2014-10-27,13,album,Taylor Swift,06HL4z0CvFAxyc27GXpf02,0.475,0.459,-8.768,0.0333,0.635,0,0.101,0.0828
I Know Places,3jBMHD19RZdAqG9iFQh7xc,195706,FALSE,12,2QJmrSgbdM35R67eoGQo4j,1989,2014-10-27,13,album,Taylor Swift,06HL4z0CvFAxyc27GXpf02,0.596,0.763,-4.99,0.0661,0.231,0,0.2,0.507
Clean,06WgOCf0LV2h4keYXDRnuh,271000,FALSE,13,2QJmrSgbdM35R67eoGQo4j,1989,2014-10-27,13,album,Taylor Swift,06HL4z0CvFAxyc27GXpf02,0.81,0.379,-7.771,0.0349,0.241,0,0.113,0.22
